p_pred,theta_pred,m_pred,set
0.10347267794106359,0.8965273220589364,1.0,train
0.4678307432348681,0.5321692567651319,0.17578083973344918,train
0.9316839855078389,0.06831601449216107,0.011922919658550076,train
0.379594783363586,0.620405216636414,0.0600613390706872,train
0.1690422882055076,0.8309577117944924,1.0,train
0.5845033958407821,0.41549660415921785,0.3929903507031133,train
0.42509929108965067,0.5749007089103493,1.0,train
0.19576236175126271,0.8042376382487373,1.0,train
0.04879750832093457,0.9512024916790655,1.0,train
0.1419628442113285,0.8580371557886715,1.0,train
0.4436229663091433,0.5563770336908568,1.0,train
0.0975870802648602,0.9024129197351398,1.0,train
0.8678150538576104,0.13218494614238963,0.007986679656683994,train
0.10369999746863383,0.8963000025313661,1.0,train
0.05324678121739838,0.9467532187826017,1.0,train
0.08367532213806192,0.916324677861938,1.0,train
0.4101223994524247,0.5898776005475752,0.41471071159467554,train
0.3582313622444158,0.6417686377555842,1.0,train
0.03140600665359366,0.9685939933464063,1.0,train
0.4227051547209097,0.5772948452790904,1.0,train
0.23255502413388762,0.7674449758661124,0.16527669566228126,train
0.267024227585721,0.7329757724142789,1.0,train
0.8823157180592693,0.11768428194073077,0.043868391091301875,train
0.29152321964999706,0.7084767803500029,1.0,train
0.30655172713671663,0.6934482728632834,1.0,train
0.10062835072929457,0.8993716492707053,1.0,train
0.4343960888285034,0.5656039111714966,1.0,train
0.1861394487541287,0.8138605512458713,1.0,train
0.21482532600753707,0.785174673992463,0.30190604151595235,train
0.16643588866343553,0.8335641113365645,1.0,train
0.18462099616472472,0.8153790038352753,1.0,train
0.938102421034565,0.06189757896543502,0.0058643914210967235,train
0.36250214105965556,0.6374978589403444,0.17871130242584246,train
0.9448916852926218,0.0551083147073782,0.005413057195242351,train
0.22892049241962087,0.7710795075803791,1.0,train
0.5709936661646277,0.42900633383537234,1.0,train
0.03571416871347027,0.9642858312865297,1.0,train
0.0597985556016165,0.9402014443983835,1.0,train
0.6826603575444702,0.3173396424555298,0.22573700525715756,train
0.28354905348765724,0.7164509465123428,1.0,train
0.7395974527773367,0.2604025472226633,0.014073521357118042,train
0.44127580454695503,0.5587241954530449,0.4324447243555288,train
0.2536988257372366,0.7463011742627634,1.0,train
0.22037189748810873,0.7796281025118912,1.0,train
0.04205301285120283,0.9579469871487971,1.0,train
0.1770141016633579,0.822985898336642,0.3195038671977627,train
0.07883426412605266,0.9211657358739473,1.0,train
0.2598662646930677,0.7401337353069324,0.17128313102349565,train
0.05001035408803043,0.9499896459119695,1.0,train
0.23203192594381583,0.7679680740561842,0.7636122309787075,train
0.0865247086066406,0.9134752913933594,0.8478271845720909,train
0.030932291156541846,0.9690677088434582,1.0,train
0.8791041789005016,0.12089582109949837,0.02009665660999308,train
0.0873502147292789,0.9126497852707212,0.9082788357640406,train
0.48076788808855414,0.5192321119114458,0.04005485894791364,train
0.2737022680018008,0.7262977319981991,1.0,train
0.6833809765631036,0.3166190234368964,0.025733194754274356,train
0.030080659280195494,0.9699193407198045,1.0,train
0.8184156485724522,0.1815843514275478,0.009142393288463373,train
0.0422404218382481,0.957759578161752,1.0,train
0.09692728298461059,0.9030727170153894,1.0,train
0.12814253725544916,0.8718574627445509,1.0,train
0.08867760914830636,0.9113223908516936,0.7839691611383952,train
0.9338942384944016,0.06610576150559844,0.006496310564167811,train
0.27226659877806014,0.7277334012219399,0.09576449527776107,train
0.27438864543513636,0.7256113545648637,0.6333464086105189,train
0.39737496086710733,0.6026250391328927,1.0,train
0.33622623482675135,0.6637737651732487,1.0,train
0.09998227378938802,0.9000177262106119,1.0,train
0.9102232650292231,0.08977673497077687,0.00641272547919177,train
0.8783468582758547,0.12165314172414532,0.006585638378444379,train
0.7821781414913332,0.21782185850866675,0.01739677326976988,train
0.04765627698705713,0.9523437230129429,1.0,train
0.8025299458011603,0.19747005419883967,0.019316625616340823,train
0.22399245127709586,0.7760075487229041,1.0,train
0.2629205612890926,0.7370794387109074,1.0,train
0.15700029830354936,0.8429997016964507,1.0,train
0.7934941810449543,0.20650581895504572,0.15286829915188913,train
0.018533905112859975,0.98146609488714,0.7340537881138532,train
0.10668623118342078,0.8933137688165792,1.0,train
0.12563674491203933,0.8743632550879608,1.0,train
0.24953856066072605,0.7504614393392739,0.3708760504116665,train
0.888638804445301,0.11136119555469903,1.0,train
0.3768139231479895,0.6231860768520106,1.0,train
0.042432610381679337,0.9575673896183207,1.0,train
0.9739621795013198,0.026037820498680198,0.019437714477742143,train
0.37191079345814404,0.628089206541856,1.0,train
0.8313108536241685,0.16868914637583154,0.010919464081295847,train
0.15811926417776553,0.8418807358222344,1.0,train
0.19695773915721945,0.8030422608427805,1.0,train
0.3988306885584509,0.6011693114415491,0.06724265764868195,train
0.04390502700902634,0.9560949729909737,0.9029131094623148,train
0.39083331674578625,0.6091666832542137,1.0,train
0.0712115415028426,0.9287884584971574,1.0,train
0.06470622051880182,0.9352937794811982,0.9082948688776766,train
0.3995614024907129,0.6004385975092871,0.08283502985443147,train
0.11054842212169287,0.8894515778783072,0.6495594161625928,train
0.47069264493954033,0.5293073550604597,1.0,train
0.2615348847445462,0.7384651152554538,1.0,train
0.2882319448118543,0.7117680551881457,0.10078611961797052,train
0.3852831792889711,0.6147168207110288,0.07043209107652292,train
0.24337389147883398,0.7566261085211661,0.356863898643496,train
0.0840639777928897,0.9159360222071103,1.0,train
0.15068937191583512,0.8493106280841649,1.0,train
0.21405943372129127,0.7859405662787088,1.0,train
0.9650494270311542,0.03495057296884585,0.001492454118660738,train
0.3493402993983733,0.6506597006016267,1.0,train
0.824011803802013,0.175988196197987,0.058861125090733844,train
0.05242727824451481,0.9475727217554852,1.0,train
0.8964898274689067,0.10351017253109329,0.006405360317298197,train
0.19132059466452062,0.8086794053354794,1.0,train
0.1693578805935954,0.8306421194064046,1.0,train
0.9298025252706857,0.07019747472931426,0.00393142799419399,train
0.8672727576825789,0.13272724231742106,0.005721969421519122,train
0.04038498459334025,0.9596150154066597,1.0,train
0.21112663978062493,0.788873360219375,1.0,train
0.9528506988550466,0.047149301144953415,0.002307441904958526,train
0.191196351781074,0.808803648218926,1.0,train
0.09998227378938802,0.9000177262106119,1.0,train
0.43208077968484604,0.567919220315154,1.0,train
0.34439873111098446,0.6556012688890156,1.0,train
0.5150068206253916,0.4849931793746084,0.32117908062771455,train
0.16940175507317212,0.8305982449268279,0.6661842092039211,train
0.07963646707780814,0.9203635329221919,1.0,train
0.10539917911796691,0.8946008208820331,1.0,train
0.05787519876116116,0.9421248012388388,0.7762277884053616,train
0.34598433065930334,0.6540156693406967,1.0,train
0.2765105131530484,0.7234894868469516,1.0,train
0.30925175380663655,0.6907482461933634,0.21957889380403267,train
0.11696155211057573,0.8830384478894243,1.0,train
0.06783598807464342,0.9321640119253566,1.0,train
0.9640245834392067,0.03597541656079328,0.009088300781075323,train
0.9557968888918629,0.04420311110813713,0.003959911495595221,train
0.09261217687498434,0.9073878231250156,1.0,train
0.125031523284218,0.874968476715782,0.7871829701089388,train
0.05630033213870101,0.943699667861299,0.7138976066684776,train
0.2880348182783285,0.7119651817216714,1.0,train
0.16273546846692138,0.8372645315330787,0.6035354811130748,train
0.540381654664966,0.459618345335034,1.0,train
0.15137094530159761,0.8486290546984023,0.2086083566637489,train
0.19475903068505424,0.8052409693149457,0.24017319201363233,train
0.1098307913332649,0.8901692086667351,0.3609919463500012,train
0.39825307644922303,0.601746923550777,1.0,train
0.11332760375769346,0.8866723962423065,0.7943820374097003,train
0.06215348106560191,0.9378465189343981,1.0,train
0.18880701144387685,0.8111929885561231,1.0,train
0.7978103716485606,0.2021896283514394,0.010155246436797272,train
0.24386411886830803,0.756135881131692,1.0,train
0.439269368963156,0.5607306310368441,1.0,train
0.9049678397726643,0.09503216022733563,0.005230044581551511,train
0.09802429115471477,0.9019757088452852,1.0,train
0.4256962006298505,0.5743037993701495,0.49494572600788417,train
0.8192007842707512,0.18079921572924884,0.007987003465614609,train
0.48910997572946974,0.5108900242705303,0.05415803000568096,train
0.2966221942822404,0.7033778057177595,0.0956565486516774,train
0.31789982978054687,0.6821001702194531,0.07228996604708414,train
0.30029966949402015,0.6997003305059799,1.0,train
0.055420719306807094,0.9445792806931929,1.0,train
0.17787778429303844,0.8221222157069615,1.0,train
0.2791212209855011,0.7208787790144989,0.626214388051483,train
0.08981411003142085,0.9101858899685791,0.30873320812428356,train
0.14560742442429103,0.8543925755757089,0.6989553729690176,train
0.0797037009564684,0.9202962990435316,1.0,train
0.24751597884744428,0.7524840211525557,0.16667877492355626,train
0.1190602860361772,0.8809397139638228,0.6743457409420752,train
0.41787721879547235,0.5821227812045275,1.0,train
0.24025450656069944,0.7597454934393005,0.1637481765366063,train
0.4708366270709759,0.5291633729290242,1.0,train
0.9405243045580131,0.05947569544198694,0.002993881674070828,train
0.31056812462108385,0.6894318753789161,0.11553770635483666,train
0.23006260397479125,0.7699373960252087,1.0,train
0.3161700396980968,0.6838299603019031,1.0,train
0.41234405307088123,0.5876559469291187,0.0832933553002163,train
0.2500331677325727,0.7499668322674273,1.0,train
0.24208764988038242,0.7579123501196176,1.0,train
0.16354407767943457,0.8364559223205654,0.6842261259366176,train
0.1166858951428182,0.8833141048571818,1.0,train
0.048735407381819605,0.9512645926181804,0.46280716478721107,train
0.0451563835135578,0.9548436164864422,0.8645277167620231,train
0.9049223105845539,0.09507768941544614,0.02065898186860342,train
0.22842448217773423,0.7715755178222659,1.0,train
0.8287396573724505,0.17126034262754952,1.0,train
0.4684195663317684,0.5315804336682317,1.0,train
0.3334013916421746,0.6665986083578255,1.0,train
0.23280216857268357,0.7671978314273165,1.0,train
0.30802736953402254,0.6919726304659775,1.0,train
0.6169795114580279,0.3830204885419721,0.25506644895821673,train
0.43256621531271355,0.5674337846872864,0.05808453991886071,train
0.05555255409728374,0.9444474459027162,1.0,train
0.5250145398206337,0.47498546017936627,0.23645854982669576,train
0.05703935554516305,0.942960644454837,1.0,train
0.9232398784762699,0.07676012152373013,0.003597370829755966,train
0.4045525777977906,0.5954474222022095,0.06334009121742601,train
0.027091746844705583,0.9729082531552944,1.0,train
0.9506883462552275,0.04931165374477253,0.002870688049342546,train
0.2679171064608944,0.7320828935391056,1.0,train
0.2668478287028835,0.7331521712971165,1.0,train
0.2598307275401605,0.7401692724598394,0.3543022361432379,train
0.9395266606111276,0.06047333938887245,0.04578282352150083,train
0.29020746990259033,0.7097925300974097,1.0,train
0.03254553001804463,0.9674544699819554,0.5846048839877876,train
0.3897941509342005,0.6102058490657996,0.266735495641722,train
0.3204313578188348,0.6795686421811652,0.1016680343022145,train
0.9155794391019717,0.0844205608980283,0.007018488631907618,train
0.8524615502315814,0.14753844976841857,0.008709836592060776,train
0.26951086395973284,0.7304891360402672,1.0,train
0.349674039064583,0.650325960935417,1.0,train
0.13439516089467343,0.8656048391053266,1.0,train
0.43277935936910805,0.567220640630892,1.0,train
0.041648010448922974,0.958351989551077,1.0,train
0.08482781133118136,0.9151721886688187,1.0,train
0.4068610050188093,0.5931389949811907,0.0556178395078571,train
0.3388863298183383,0.6611136701816616,0.1899520740520022,train
0.030798051396568504,0.9692019486034315,0.6599406601309389,train
0.20012339523683612,0.7998766047631638,1.0,train
0.7209901222950974,0.2790098777049026,1.0,train
0.26581767688208574,0.7341823231179143,1.0,train
0.22671142076139472,0.7732885792386053,1.0,train
0.3683326368067923,0.6316673631932077,1.0,train
0.24055158451726372,0.7594484154827363,0.7119910117123814,train
0.468245269078486,0.5317547309215139,1.0,train
0.37083129786857766,0.6291687021314223,1.0,train
0.09487734311867106,0.905122656881329,1.0,train
0.26025444381678386,0.7397455561832161,1.0,train
0.06982078084995491,0.9301792191500451,1.0,train
0.16948600735529343,0.8305139926447066,1.0,train
0.8822252290649041,0.11777477093509592,0.038702582685662915,train
0.4281005962852327,0.5718994037147673,0.07129240385837951,train
0.42755714383139654,0.5724428561686035,1.0,train
0.05769613824290091,0.9423038617570991,1.0,train
0.8944431959100009,0.10555680408999912,0.06774744324319912,train
0.1749055301446881,0.8250944698553119,1.0,train
0.4294460474631907,0.5705539525368093,0.0663792668123723,train
0.9143800217946685,0.08561997820533152,0.004955108650046731,train
0.471615727006318,0.528384272993682,0.07838162145401588,train
0.11473014756129483,0.8852698524387052,1.0,train
0.03954078928527514,0.9604592107147248,1.0,train
0.946488493118245,0.05351150688175499,0.020191062897565646,train
0.9224987430674607,0.07750125693253929,0.05427542246837016,train
0.027069440634429547,0.9729305593655705,0.9498395455217565,train
0.32206831503651934,0.6779316849634807,0.10208857846365815,train
0.9300787521906853,0.06992124780931475,1.0,train
0.049896752381943105,0.9501032476180569,1.0,train
0.21560498047337512,0.7843950195266249,0.2616976717210405,train
0.29667890449221057,0.7033210955077894,1.0,train
0.8410585546941873,0.15894144530581267,0.0066565952157484716,train
0.9103654270221576,0.08963457297784239,0.025275705221436066,train
0.32817181044245053,0.6718281895575495,0.11671334772005444,train
0.059640537742110304,0.9403594622578897,1.0,train
0.3067447345934681,0.6932552654065318,0.6668044324255078,train
0.24281848665457254,0.7571815133454275,1.0,train
0.10149458884728488,0.8985054111527151,1.0,train
0.9549150494552587,0.045084950544741265,0.0018781880159846878,train
0.22221240370363865,0.7777875962963614,0.1703816243532967,train
0.4665036048910317,0.5334963951089683,0.04220848732057489,train
0.3150199285871306,0.6849800714128694,0.5702158864080543,train
0.10717305469035054,0.8928269453096495,1.0,train
0.07120124495879752,0.9287987550412025,0.8887574156488764,train
0.8282375157738263,0.17176248422617368,0.14888018114882734,train
0.2683933265212089,0.7316066734787912,1.0,train
0.28851241739359895,0.7114875826064011,1.0,train
0.5115784826050301,0.48842151739496986,0.056943915851837536,train
0.18282091984104107,0.8171790801589589,1.0,train
0.04526584738349832,0.9547341526165016,0.920329728122284,train
0.05151688690410385,0.9484831130958962,1.0,train
0.07691198739699887,0.9230880126030011,1.0,train
0.2726505075585085,0.7273494924414915,1.0,train
0.15949172973277687,0.8405082702672231,1.0,train
0.346902173020413,0.6530978269795871,0.06522755215942981,train
0.28839764009562835,0.7116023599043716,0.10494812410364163,train
0.06665421699151514,0.9333457830084848,1.0,train
0.8893719634768474,0.11062803652315256,0.01828186853341917,train
0.1686309788968285,0.8313690211031716,1.0,train
0.10382706594185676,0.8961729340581432,1.0,train
0.3951106593730741,0.6048893406269259,0.07286021901632228,train
0.15852537414530074,0.8414746258546992,1.0,train
0.37056955640412886,0.6294304435958711,1.0,train
0.13541695939471235,0.8645830406052877,1.0,train
0.06819107775414006,0.93180892224586,1.0,train
0.9507296849632362,0.04927031503676382,0.013455928933890655,train
0.2177429428372113,0.7822570571627887,1.0,train
0.256930616994204,0.743069383005796,1.0,train
0.9187492879044921,0.08125071209550783,0.005271206709173263,train
0.09003375210913458,0.9099662478908654,1.0,train
0.07843591357203646,0.9215640864279635,1.0,train
0.029698507782908418,0.9703014922170916,1.0,train
0.3284993761385877,0.6715006238614123,1.0,train
0.42442035176045473,0.5755796482395452,0.4357330503703339,train
0.29515564880692313,0.7048443511930769,1.0,train
0.06399256232452756,0.9360074376754725,0.761997104480773,train
0.8507211022364856,0.14927889776351444,0.05967157161710141,train
0.22486260339592803,0.775137396604072,1.0,train
0.19305673678147137,0.8069432632185287,1.0,train
0.4733195798568425,0.5266804201431575,1.0,train
0.45227180031755165,0.5477281996824483,0.41063258983412354,train
0.8956937805363112,0.10430621946368879,0.005454878503144984,train
0.3473153378655473,0.6526846621344526,1.0,train
0.2203382283647648,0.7796617716352352,0.5534432176523812,train
0.03277555831707212,0.9672244416829279,1.0,train
0.19748282534500983,0.8025171746549902,0.3552232666298646,train
0.20674055725065463,0.7932594427493453,1.0,train
0.9244341647602212,0.07556583523977878,0.0728599484212914,train
0.5392722915632986,0.4607277084367014,0.22571538418106282,train
0.33218858540116347,0.6678114145988365,0.08625752867144429,train
0.7714602561463147,0.22853974385368514,0.017594424517516326,train
0.09168472242607074,0.9083152775739293,1.0,train
0.4183187554665404,0.5816812445334596,1.0,train
0.27813307260685427,0.7218669273931457,0.12921997244918468,train
0.25073178945046204,0.749268210549538,1.0,train
0.08103767928877095,0.9189623207112291,1.0,train
0.05434768409361869,0.9456523159063813,1.0,train
0.8640940705821543,0.13590592941784574,0.007305858575618699,train
0.14800344926730719,0.8519965507326928,0.7086592349056307,train
0.9336592162788704,0.06634078372112961,0.0036174033813804927,train
0.19633950828805746,0.8036604917119425,0.6348413498056772,train
0.2223213118586039,0.7776786881413961,1.0,train
0.3764344510292943,0.6235655489707057,1.0,train
0.279271340654309,0.720728659345691,1.0,train
0.5076815364886362,0.49231846351136377,1.0,train
0.9251830190522744,0.0748169809477256,0.008443336791529022,train
0.1307360786674632,0.8692639213325368,1.0,train
0.9763257541772636,0.02367424582273636,0.0013369230974702745,train
0.39439184284173534,0.6056081571582647,1.0,train
0.9071565142928216,0.09284348570717837,0.007297134438394588,train
0.16513226500820244,0.8348677349917976,1.0,train
0.24937703524703342,0.7506229647529665,1.0,train
0.4426399602860961,0.5573600397139038,1.0,train
0.07103309998578149,0.9289669000142186,1.0,train
0.37130512535584415,0.6286948746441559,1.0,train
0.04084795771441891,0.959152042285581,1.0,train
0.22297423924044477,0.7770257607595552,0.16764775080368377,train
0.15176714436489505,0.848232855635105,0.15971102604530102,train
0.07512278030398897,0.924877219696011,1.0,train
0.408341221294371,0.591658778705629,0.05933768656163995,train
0.2750684022337715,0.7249315977662285,1.0,train
0.13641829342018705,0.8635817065798129,0.2539207044129268,train
0.2374414583267148,0.7625585416732852,1.0,train
0.3752211382681025,0.6247788617318976,0.2185741384240249,train
0.2874030126302215,0.7125969873697785,1.0,train
0.4411913946454021,0.558808605354598,0.38661959125516315,train
0.8425821727078876,0.1574178272921124,0.13130584161009207,train
0.1105502038095104,0.8894497961904896,0.25728931998350396,train
0.08046282394328645,0.9195371760567136,0.2983461733715027,train
0.11467940165826183,0.8853205983417382,0.8323698394505784,train
0.5206133309868922,0.4793866690131078,1.0,train
0.41421542780729537,0.5857845721927046,0.0709716050101925,train
0.9440603051275027,0.05593969487249728,0.0023428810966525343,train
0.11756367420956157,0.8824363257904384,1.0,train
0.22834528320878972,0.7716547167912102,1.0,train
0.2655783981667736,0.7344216018332264,1.0,train
0.22723898885909785,0.7727610111409021,0.7505506306739391,train
0.6623481992832054,0.33765180071679457,0.0176712262308783,train
0.11444297458000315,0.8855570254199968,1.0,train
0.6663851280685381,0.3336148719314619,0.05550176019088398,train
0.29817566105451115,0.7018243389454888,0.21927568856590268,train
0.30918017653425645,0.6908198234657436,0.08625713642678558,train
0.06414844116528252,0.9358515588347175,1.0,train
0.14228289309146477,0.8577171069085352,0.25675867867536095,train
0.28720533349922045,0.7127946665007796,0.27472167917870327,train
0.07045116140361739,0.9295488385963826,1.0,train
0.3256718210187107,0.6743281789812893,1.0,train
0.09123712003988713,0.9087628799601128,0.7777560852489096,train
0.8779219065883229,0.12207809341167708,0.008333827607166248,train
0.2473304089193046,0.7526695910806954,1.0,train
0.37822496636149955,0.6217750336385005,1.0,train
0.33675784833892447,0.6632421516610756,1.0,train
0.03601703096793299,0.963982969032067,1.0,train
0.5121138004119009,0.4878861995880991,0.032742995054081805,train
0.6834907949889326,0.3165092050110674,0.018380511390953324,train
0.5615177050197082,0.4384822949802919,0.04264461033457049,train
0.02275557660136576,0.9772444233986343,1.0,train
0.12512218871901162,0.8748778112809883,1.0,train
0.24003628263600715,0.7599637173639928,0.1382645215901316,train
0.30995166035165184,0.6900483396483481,1.0,train
0.3745079276302801,0.6254920723697199,0.07778018644404032,train
0.1285833657983665,0.8714166342016335,1.0,train
0.8996332535399617,0.10036674646003829,0.006081109886080764,train
0.22317512072818138,0.7768248792718186,1.0,train
0.3036383436976776,0.6963616563023223,0.11677722111651281,train
0.151442671728821,0.848557328271179,1.0,train
0.3043305879216873,0.6956694120783127,0.08993956155487996,train
0.9787787116265632,0.021221288373436842,0.017008449683194697,train
0.09232524709217499,0.9076747529078251,1.0,train
0.24710356793983712,0.752896432060163,1.0,train
0.4396617359302812,0.5603382640697188,1.0,train
0.2144154741513323,0.7855845258486677,1.0,train
0.05962699399608104,0.9403730060039189,1.0,train
0.01389820240437916,0.9861017975956209,1.0,train
0.11354306301785817,0.8864569369821418,1.0,train
0.32434853308774436,0.6756514669122556,0.20770296672310154,train
0.6391312858101296,0.36086871418987043,0.01885906072197129,train
0.06565633118432414,0.9343436688156759,1.0,train
0.09881147647435884,0.9011885235256412,1.0,train
0.3715888058965748,0.6284111941034252,1.0,train
0.07944679288515004,0.92055320711485,1.0,train
0.04346396249677334,0.9565360375032267,1.0,train
0.9334315517651602,0.06656844823483976,0.0024769464152503678,train
0.9080812147531898,0.09191878524681019,0.0037068255260163585,train
0.028545110335801836,0.9714548896641981,1.0,train
0.1777015892584021,0.8222984107415979,0.8194778598309186,train
0.29993239040753594,0.7000676095924641,1.0,train
0.797278345882381,0.202721654117619,0.01004224183527326,train
0.8684282507176021,0.1315717492823979,0.0052359163424084195,train
0.03925234878947139,0.9607476512105286,1.0,train
0.3214759265275899,0.6785240734724101,1.0,train
0.04961102898338468,0.9503889710166153,1.0,train
0.844428175256031,0.15557182474396902,1.0,train
0.07395718601063198,0.926042813989368,1.0,train
0.20752877544104983,0.7924712245589501,0.43534256281763206,train
0.946488493118245,0.05351150688175499,0.01109774427898233,train
0.412193079486696,0.5878069205133041,1.0,train
0.5742075042439991,0.42579249575600087,0.03237456333005334,train
0.08718448503621405,0.912815514963786,1.0,train
0.2831120874590483,0.7168879125409517,0.11823030332238749,train
0.10289591850525798,0.897104081494742,1.0,train
0.4373624517642674,0.5626375482357325,0.4127441054159572,train
0.9264954231809802,0.07350457681901978,0.015115986203737627,train
0.459380947027478,0.540619052972522,0.09001730719856503,train
0.19789260663897562,0.8021073933610244,1.0,train
0.4680627134815757,0.5319372865184243,0.06640327512875097,train
0.23175393840486097,0.768246061595139,1.0,train
0.09015137135050143,0.9098486286494986,0.26861453310053,train
0.9570064618556183,0.04299353814438167,0.0016799092641714823,train
0.9874272988150243,0.012572701184975665,0.000650932982807238,train
0.44062761907341197,0.559372380926588,1.0,train
0.1997074201976234,0.8002925798023767,1.0,train
0.4218617387389234,0.5781382612610766,0.5020051686240744,train
0.10320020283436696,0.8967997971656331,1.0,train
0.3407453631041111,0.6592546368958889,0.14452485597532513,train
0.7693657535498116,0.23063424645018837,1.0,train
0.2506362184498802,0.7493637815501197,1.0,train
0.2276708394920317,0.7723291605079683,1.0,train
0.06485052953840403,0.9351494704615959,1.0,train
0.25580499960979114,0.7441950003902089,1.0,train
0.13284760535174572,0.8671523946482542,0.443782625893235,train
0.3284623260243658,0.6715376739756342,1.0,train
0.01758792022071358,0.9824120797792865,1.0,train
0.1966253150505911,0.8033746849494089,1.0,train
0.9427407851475296,0.05725921485247043,0.008511388162269288,train
0.1378328264448146,0.8621671735551855,0.8452867580941951,train
0.2987036365981832,0.7012963634018168,1.0,train
0.11799671635328755,0.8820032836467124,1.0,train
0.3217474453602572,0.6782525546397429,1.0,train
0.21066701615644723,0.7893329838435528,1.0,train
0.33206197739279,0.66793802260721,1.0,train
0.4711017068304774,0.5288982931695225,0.04928429737193136,train
0.263261295464219,0.7367387045357809,1.0,train
0.43420779764753187,0.5657922023524682,0.047789490850170785,train
0.8546687954672698,0.14533120453273018,0.005686149409186323,train
0.3949560288856368,0.6050439711143631,1.0,train
0.4277287189209252,0.5722712810790749,0.5024469367373463,train
0.33424044229720196,0.665759557702798,0.1441537904130107,train
0.10760053043222376,0.8923994695677763,1.0,train
0.40809031098470877,0.5919096890152912,0.27314844104821295,train
0.2148853535088509,0.7851146464911491,1.0,train
0.6549517365269136,0.34504826347308637,0.33092168897580954,train
0.5793895002996904,0.4206104997003096,1.0,train
0.8791041789005016,0.12089582109949837,0.11361896708085603,train
0.14501327653765225,0.8549867234623477,1.0,train
0.07140465486596158,0.9285953451340384,0.35017385397346773,train
0.08818571205914658,0.9118142879408534,1.0,train
0.05499792735825533,0.9450020726417446,0.9277600396087713,train
0.5915908286538061,0.4084091713461939,0.2983268316384905,train
0.41323338111753294,0.5867666188824671,1.0,train
0.34771807979194225,0.6522819202080578,1.0,train
0.8719538962486221,0.12804610375137793,0.006934150824559905,train
0.19543043326591697,0.8045695667340831,1.0,train
0.4764457213147887,0.5235542786852113,1.0,train
0.2366867677308977,0.7633132322691023,0.5220152685332143,train
0.31930547325788633,0.6806945267421136,1.0,train
0.560942926577287,0.43905707342271316,1.0,train
0.22239067437400048,0.7776093256259995,1.0,train
0.028965162151603878,0.9710348378483962,1.0,train
0.40075349599661864,0.5992465040033813,0.4885090637594623,train
0.3129982350875913,0.6870017649124087,1.0,train
0.06790597520697028,0.9320940247930297,1.0,train
0.47991566544904785,0.5200843345509522,0.2585720961233859,train
0.16619152721271097,0.8338084727872891,1.0,train
0.18310194411271766,0.8168980558872824,1.0,train
0.3694751117581768,0.6305248882418231,0.08767085229028786,train
0.40073544609747785,0.5992645539025221,1.0,train
0.39934636604842605,0.600653633951574,0.32951707034095795,train
0.11695022543610478,0.8830497745638952,0.8131271157899724,train
0.26801896818112175,0.7319810318188782,1.0,train
0.30117484178704657,0.6988251582129534,1.0,train
0.11745004378178418,0.8825499562182159,1.0,train
0.16064217076626985,0.8393578292337301,1.0,train
0.09724563052104164,0.9027543694789584,0.8801585223661073,train
0.5870570752888056,0.4129429247111944,0.027013423215817376,train
0.1170476659411832,0.8829523340588168,1.0,train
0.9604922825800948,0.03950771741990522,0.001968482699590901,train
0.55291914187729,0.44708085812271003,0.03917960450059443,train
0.10491100318712145,0.8950889968128786,1.0,train
0.0905014883338784,0.9094985116661216,1.0,train
0.1983875855199882,0.8016124144800119,1.0,train
0.47407632891484347,0.5259236710851565,0.06554551683251969,train
0.4373624517642674,0.5626375482357325,0.04310987703403867,train
0.41107944060109386,0.5889205593989062,1.0,train
0.24116719576668566,0.7588328042333143,1.0,train
0.5131456352815406,0.48685436471845944,0.04527060196078097,train
0.9220589505802333,0.07794104941976654,1.0,train
0.19285008729429406,0.8071499127057059,1.0,train
0.11722287117380509,0.882777128826195,1.0,train
0.48798779241612844,0.5120122075838716,0.26527324388084605,train
0.1473049659423536,0.8526950340576465,0.2276610382103886,train
0.07750258650692397,0.922497413493076,1.0,train
0.4087375150617358,0.5912624849382642,1.0,train
0.16993267084536018,0.8300673291546399,0.6985397461641389,train
0.14842356216274147,0.8515764378372586,1.0,train
0.7497242160135077,0.2502757839864923,0.05397407050062336,train
0.6064924805904212,0.39350751940957884,0.023553524861305717,train
0.2648907043506339,0.7351092956493661,1.0,train
0.20198648692878463,0.7980135130712154,1.0,train
0.45107221542925996,0.5489277845707401,0.1399807624596386,train
0.2726176364631528,0.7273823635368473,1.0,train
0.2463945978440497,0.7536054021559503,1.0,train
0.38154042988959286,0.6184595701104072,1.0,train
0.08538923640136842,0.9146107635986316,1.0,train
0.2850532740606066,0.7149467259393935,1.0,train
0.2362417560561422,0.7637582439438578,1.0,train
0.08817543694515032,0.9118245630548497,1.0,train
0.39748718382019166,0.6025128161798083,1.0,train
0.7020450066669057,0.2979549933330943,0.025380769269048104,train
0.24944938607030176,0.7505506139296982,0.6943363693485397,train
0.08968933444407669,0.9103106655559233,1.0,train
0.06259270915782447,0.9374072908421756,1.0,train
0.19685976924349405,0.803140230756506,1.0,train
0.02041259592636825,0.9795874040736318,0.9787293781275096,train
0.3758727492125832,0.6241272507874169,1.0,train
0.37163667223918373,0.6283633277608163,0.06937859377130434,train
0.5731958773286946,0.4268041226713054,0.06243922662592778,train
0.24286561247620658,0.7571343875237935,0.1323242724666895,train
0.030582092073701092,0.9694179079262989,1.0,train
0.2193830679829809,0.7806169320170191,1.0,train
0.41904139976099186,0.5809586002390081,1.0,train
0.9795219213352264,0.02047807866477358,0.0013158456744268804,train
0.2847222664357301,0.7152777335642699,1.0,train
0.056126333797121966,0.943873666202878,1.0,train
0.23864608579924093,0.7613539142007592,0.2537785249920468,train
0.33842518352867457,0.6615748164713254,0.5015483816403169,train
0.12278340374939171,0.8772165962506082,0.8536069387610105,train
0.4305785302754262,0.5694214697245739,1.0,train
0.2384929426593511,0.7615070573406489,0.14408200869638674,train
0.3290625425638656,0.6709374574361344,1.0,train
0.0418646010363984,0.9581353989636016,1.0,train
0.05450457992626181,0.9454954200737382,1.0,train
0.8342152682530517,0.1657847317469483,0.006948843550623974,train
0.16970099994891583,0.8302990000510841,1.0,train
0.26620845133570786,0.7337915486642921,1.0,train
0.800564206601003,0.19943579339899697,0.013174079105948299,train
0.7233629308873765,0.27663706911262353,0.015852288692872113,train
0.36659123107583674,0.6334087689241633,0.15328293582322483,train
0.4605678357139998,0.5394321642860003,1.0,train
0.45098910814965043,0.5490108918503496,0.2432275085460677,train
0.16814363681773176,0.8318563631822683,1.0,train
0.27631409554491326,0.7236859044550867,0.21624814621212876,train
0.04609030627811356,0.9539096937218865,1.0,train
0.7215539626687946,0.27844603733120543,1.0,train
0.7215539626687946,0.27844603733120543,0.018881781822817714,train
0.33234929984937783,0.6676507001506222,0.6202048923284444,train
0.9416101963822837,0.058389803617716285,0.0061478025962025135,train
0.4708222110041695,0.5291777889958306,0.043686392436468865,train
0.4195620174068418,0.5804379825931582,0.14936147854683365,train
0.3290174595657949,0.670982540434205,1.0,train
0.10007821536222425,0.8999217846377757,0.5482875786823067,train
0.300717915543186,0.699282084456814,0.1470062182404373,train
0.14385499496580004,0.8561450050341999,1.0,train
0.937856441024474,0.062143558975526036,0.033856865970237515,train
0.03220679147682724,0.9677932085231727,1.0,train
0.427171274859674,0.572828725140326,0.32051682293400663,train
0.12995855846915214,0.8700414415308478,1.0,train
0.2829304812093458,0.7170695187906542,1.0,train
0.26904123194549745,0.7309587680545026,1.0,train
0.045351992175157056,0.9546480078248429,1.0,train
0.31933372886168004,0.68066627113832,1.0,train
0.3190467649934861,0.680953235006514,0.6217494422337982,train
0.10995250375774586,0.8900474962422541,1.0,train
0.35395925758272523,0.6460407424172748,1.0,train
0.2928713577049773,0.7071286422950227,0.3060604327582042,train
0.934769020477884,0.06523097952211598,0.003824592252740284,train
0.3159628417528047,0.6840371582471952,1.0,train
0.2526971436885739,0.7473028563114261,1.0,train
0.3483038962992109,0.6516961037007891,1.0,train
0.33093085761303487,0.6690691423869651,1.0,train
0.3505898543101449,0.6494101456898551,1.0,train
0.28467218434264313,0.7153278156573568,0.19368921702717976,train
0.09681468867414311,0.9031853113258569,1.0,train
0.14594154321060612,0.8540584567893938,0.7667705502809851,train
0.3204611588300258,0.6795388411699742,0.612494347641613,train
0.9004355426582722,0.09956445734172781,0.00446830204536777,train
0.08691016846593494,0.9130898315340651,1.0,train
0.44458741275785585,0.5554125872421442,1.0,train
0.9581810692190779,0.04181893078092214,0.004239176285001994,train
0.5104248650188112,0.48957513498118876,1.0,train
0.36603880412232076,0.6339611958776792,1.0,train
0.26419258682975305,0.735807413170247,1.0,train
0.13150218919061535,0.8684978108093847,1.0,train
0.07950173597572602,0.920498264024274,1.0,train
0.05712953353364989,0.9428704664663501,1.0,train
0.3884178980575409,0.6115821019424591,1.0,train
0.40114377452758565,0.5988562254724143,0.07132157386930826,train
0.29029573057154634,0.7097042694284537,1.0,train
0.1514804990158077,0.8485195009841923,0.6423570213370737,train
0.4647373209596118,0.5352626790403883,1.0,train
0.557936572964657,0.44206342703534296,0.027310183173930847,train
0.03549416640559807,0.9645058335944019,1.0,train
0.1544322390056147,0.8455677609943852,1.0,train
0.16319855442766215,0.8368014455723378,0.8005336524437011,train
0.44635465077384945,0.5536453492261506,0.04253610470866451,train
0.1298482599115432,0.8701517400884569,0.861398361010749,train
0.4551179316110139,0.5448820683889861,0.05976217918021298,train
0.4024770407485461,0.5975229592514538,1.0,train
0.4839104384145334,0.5160895615854666,1.0,train
0.9715218728520768,0.028478127147923193,0.0012376685033370026,train
0.3737470593631175,0.6262529406368825,1.0,train
0.26092920113661555,0.7390707988633844,0.6801315215736949,train
0.9415081954358656,0.058491804564134386,0.0024458525049711323,train
0.3466094892699993,0.6533905107300007,1.0,train
0.3083274678613149,0.6916725321386852,1.0,train
0.1158913477174852,0.8841086522825148,0.7330376335034485,train
0.0641791495711489,0.9358208504288511,0.9159566569113525,train
0.08758182324952059,0.9124181767504794,0.7423998307564782,train
0.39138768027379706,0.608612319726203,1.0,train
0.15802348749905634,0.8419765125009436,0.6175765254127134,train
0.9040903453551833,0.09590965464481671,0.0048789917102810545,train
0.07954695486673512,0.9204530451332649,1.0,train
0.8677520826151592,0.13224791738484076,0.008328205528093234,train
0.21350500055971303,0.786494999440287,0.6553784219381367,train
0.14479435810493005,0.85520564189507,1.0,train
0.20695627902268945,0.7930437209773106,1.0,train
0.022132610202220043,0.97786738979778,0.9150142046942967,train
0.3791739450894667,0.6208260549105333,1.0,train
0.6284349384375434,0.3715650615624566,0.08657270378091565,train
0.1906880011832234,0.8093119988167766,1.0,train
0.35322380624881444,0.6467761937511856,1.0,train
0.3859387367008866,0.6140612632991135,0.5799977893752334,train
0.10691649034567005,0.8930835096543299,1.0,train
0.028015303756800683,0.9719846962431993,1.0,train
0.15038967160006902,0.849610328399931,1.0,train
0.14921431139185276,0.8507856886081473,1.0,train
0.38160269647892614,0.6183973035210739,1.0,train
0.37542820095380447,0.6245717990461955,0.4197720138945174,train
0.07628179230009975,0.9237182076999002,0.9203575576994953,train
0.3462793838617603,0.6537206161382397,0.2490511927817994,train
0.39988782023284336,0.6001121797671567,1.0,train
0.2239981288655139,0.776001871134486,1.0,train
0.15175870410681297,0.8482412958931871,1.0,train
0.37096700948583483,0.6290329905141652,1.0,train
0.3618361703644005,0.6381638296355995,0.2210328370058491,train
0.06358906656014778,0.9364109334398523,1.0,train
0.925101138575874,0.07489886142412605,0.030884998433881743,train
0.17102586565468958,0.8289741343453104,0.17829227189017793,train
0.4236868860800654,0.5763131139199346,1.0,train
0.03385192573712203,0.966148074262878,1.0,train
0.15898407816979335,0.8410159218302067,1.0,train
0.04468569431244758,0.9553143056875524,1.0,train
0.16383047618995275,0.8361695238100473,1.0,train
0.045177472405141986,0.954822527594858,0.5453216822126805,train
0.1521267806301675,0.8478732193698325,1.0,train
0.3011074297692285,0.6988925702307716,1.0,train
0.05565180864924355,0.9443481913507564,1.0,train
0.8716515806635937,0.12834841933640628,0.059860331763134454,train
0.022497085516171574,0.9775029144838284,1.0,train
0.9233847734390236,0.07661522656097641,0.01054037284956045,train
0.052627368714460734,0.9473726312855393,0.8159250054026922,train
0.48302937686854147,0.5169706231314586,0.16516051762681186,train
0.90358073642029,0.09641926357970998,0.0045191010286325575,train
0.24069818049374708,0.7593018195062529,1.0,train
0.07933244823617708,0.920667551763823,0.38744205002778576,train
0.1679196911793356,0.8320803088206644,1.0,train
0.26062145085933247,0.7393785491406675,1.0,train
0.32804537694713776,0.6719546230528622,0.06633670070156082,train
0.449063978744259,0.550936021255741,0.20609287942054744,train
0.766586465305783,0.233413534694217,0.014779235160235478,train
0.4151303474991108,0.5848696525008892,0.08127730977678099,train
0.19407781767397547,0.8059221823260245,0.1353773321275409,train
0.9680403986229043,0.03195960137709575,1.0,train
0.08257355553398303,0.917426444466017,1.0,train
0.19571863543316836,0.8042813645668316,1.0,train
0.25749107246786324,0.7425089275321368,1.0,train
0.3433509482324699,0.6566490517675301,0.4813179674956497,train
0.3458847202926931,0.6541152797073069,0.16268045947228207,train
0.11296773654393223,0.8870322634560678,1.0,train
0.6048044491005061,0.3951955508994939,0.03091792037163847,train
0.24009012992127446,0.7599098700787255,0.19039562111759728,train
0.1797187645460015,0.8202812354539986,1.0,train
0.08194731596278851,0.9180526840372115,0.8490985063412715,train
0.38363569854884594,0.616364301451154,0.5326192231572138,train
0.22284480794795383,0.7771551920520462,1.0,train
0.37894548413293716,0.6210545158670628,0.5853000921098588,train
0.4493521648954777,0.5506478351045223,0.05911994868191846,train
0.7521732044809898,0.2478267955190102,0.016352457567784532,train
0.8626954294875281,0.1373045705124719,0.006157555498200876,train
0.03718765441113889,0.9628123455888611,0.9340841741329634,train
0.2678868052327203,0.7321131947672797,0.14153014332250238,train
0.30845661780012357,0.6915433821998764,1.0,train
0.10098112852613318,0.8990188714738668,1.0,train
0.366995434591881,0.633004565408119,1.0,train
0.42785574281063327,0.5721442571893667,0.28073461071540046,train
0.31655018464796475,0.6834498153520352,1.0,train
0.06714174302744205,0.932858256972558,0.36812305921735927,train
0.03376202435321063,0.9662379756467894,1.0,train
0.11062008455256328,0.8893799154474367,1.0,train
0.2779396653664378,0.7220603346335621,0.10959463130932678,train
0.4395488839536923,0.5604511160463077,1.0,train
0.32922976927483144,0.6707702307251685,0.4820526906796693,train
0.1327725872475305,0.8672274127524695,1.0,train
0.9727035265526762,0.027296473447323777,0.0017365332995992056,train
0.17014101093193432,0.8298589890680657,1.0,train
0.056471471092692106,0.9435285289073079,1.0,train
0.27616075048649863,0.7238392495135013,1.0,train
0.126379844839756,0.8736201551602439,1.0,train
0.10654802210040462,0.8934519778995954,1.0,train
0.4778649072240263,0.5221350927759737,0.10935329229642173,train
0.20996946490346413,0.7900305350965359,0.5363918863210692,train
0.20756410628373553,0.7924358937162644,0.759973798111165,train
0.4816579666186043,0.5183420333813957,1.0,train
0.08981541587877424,0.9101845841212257,1.0,train
0.1648563484959054,0.8351436515040946,1.0,train
0.0900978802463806,0.9099021197536195,1.0,train
0.7438009517762286,0.2561990482237714,0.012377582482340738,train
0.06529308335603762,0.9347069166439623,1.0,train
0.14643950238297124,0.8535604976170288,1.0,train
0.608159806387312,0.39184019361268796,1.0,train
0.24217976760074023,0.7578202323992598,1.0,train
0.05809929471540147,0.9419007052845986,1.0,train
0.03711165177058835,0.9628883482294116,1.0,train
0.4000967736988703,0.5999032263011297,0.07565744586161559,train
0.3681378429124767,0.6318621570875232,1.0,train
0.8139431218402667,0.18605687815973326,0.0918897573860503,train
0.35800786636565274,0.6419921336343473,0.08767662411708273,train
0.41010870083005657,0.5898912991699434,1.0,train
0.03585451010254054,0.9641454898974595,1.0,train
0.3229947312757847,0.6770052687242153,1.0,train
0.35442305736026447,0.6455769426397355,0.39869894420310964,train
0.04393269795163555,0.9560673020483644,1.0,train
0.23272461295515007,0.7672753870448499,0.11692849317769542,train
0.7562284773900949,0.24377152260990498,0.04427199179184171,train
0.03933542126761286,0.9606645787323872,1.0,train
0.16525814337501138,0.8347418566249887,1.0,train
0.21878406608910672,0.7812159339108933,1.0,train
0.7896162122916568,0.2103837877083432,0.009433108063145118,train
0.2719871597207516,0.7280128402792484,0.13936221624630651,train
0.17844406275662192,0.821555937243378,0.7297634622337239,train
0.2034689770981428,0.7965310229018572,1.0,train
0.04535581160799183,0.9546441883920082,0.483732346165276,train
0.2935975870256789,0.7064024129743212,0.6240909774528124,train
0.45783489626076856,0.5421651037392314,0.19019791801849442,train
0.11448173729284823,0.8855182627071517,1.0,train
0.08646322101894996,0.91353677898105,0.7258605056373794,train
0.11543879790875797,0.884561202091242,1.0,train
0.3957367170694239,0.6042632829305761,0.060543598938857295,train
0.21751005284922106,0.7824899471507789,1.0,train
0.04522913918262719,0.9547708608173728,1.0,train
0.08674434437838129,0.9132556556216187,1.0,train
0.6611151925322091,0.3388848074677909,0.031600497437758716,train
0.1872416520836982,0.8127583479163019,1.0,train
0.2793601762411671,0.720639823758833,1.0,train
0.07891451637893412,0.9210854836210659,1.0,train
0.05072709349636911,0.9492729065036309,0.9275161223762218,train
0.2145270585611288,0.7854729414388713,1.0,train
0.222494386229181,0.777505613770819,1.0,train
0.40081921364549505,0.5991807863545049,0.0669013367551357,train
0.14708086506008916,0.8529191349399108,1.0,train
0.3175549451996407,0.6824450548003593,1.0,train
0.26599541072011595,0.7340045892798841,1.0,train
0.5259533356162124,0.4740466643837876,0.4732495786840012,train
0.9630364771004122,0.03696352289958782,0.008655820602178545,train
0.19420691591511652,0.8057930840848835,0.16658204666893323,train
0.14085952012225003,0.85914047987775,1.0,train
0.3344271911133765,0.6655728088866235,1.0,train
0.09424243980975278,0.9057575601902472,1.0,train
0.3301276298016969,0.6698723701983031,0.07918788544093269,train
0.32848204725307206,0.6715179527469279,1.0,train
0.14468011155772567,0.8553198884422744,1.0,train
0.5024827775444731,0.4975172224555269,1.0,train
0.14235442664062642,0.8576455733593735,0.6983189147483866,train
0.05833909494149384,0.9416609050585062,1.0,train
0.20564740283579755,0.7943525971642025,1.0,train
0.2722717361214988,0.7277282638785012,1.0,train
0.035749656414388424,0.9642503435856116,0.8687407612309201,train
0.4808800999023406,0.5191199000976594,1.0,train
0.42689552402484543,0.5731044759751546,0.5134619626086937,train
0.08406790639604404,0.915932093603956,1.0,train
0.3381634555754122,0.6618365444245877,1.0,train
0.48808470620490974,0.5119152937950904,0.11339217203199199,train
0.4505489417000492,0.5494510582999508,1.0,train
0.447385103165207,0.552614896834793,0.09175380991700299,train
0.35635811816966956,0.6436418818303304,0.09055859241906629,train
0.7199834362546631,0.2800165637453369,0.0228035858886371,train
0.1898397592804326,0.8101602407195674,0.7492674054977728,train
0.34478099932279005,0.6552190006772098,1.0,train
0.37652548142786096,0.6234745185721391,0.3043586676793932,train
0.33920756685594683,0.6607924331440531,0.35278778493249224,train
0.9629520232994245,0.03704797670057547,1.0,train
0.2442523678863393,0.7557476321136607,1.0,train
0.35043209904756933,0.6495679009524307,0.0653107577857744,train
0.0875202085768157,0.9124797914231844,1.0,train
0.9279058194808524,0.07209418051914762,0.0034960472574248717,train
0.0622377115911996,0.9377622884088004,1.0,train
0.40296285327098996,0.5970371467290101,0.08671007277185128,train
0.3635370743327798,0.6364629256672202,0.6356001269466275,train
0.1870380804595734,0.8129619195404266,0.2534688984622935,train
0.7878664106830586,0.21213358931694148,0.04817478569726129,train
0.09408192723137423,0.9059180727686258,1.0,train
0.5856144392142111,0.4143855607857889,0.041005912880435536,train
0.05852539972329495,0.941474600276705,1.0,train
0.26136816050082795,0.738631839499172,0.12390860800857377,train
0.14279727352943822,0.8572027264705617,1.0,train
0.37759819155200025,0.6224018084479997,0.11823514065599838,train
0.9880196476249098,0.011980352375090209,0.00645937729670065,train
0.23943556382981374,0.7605644361701862,1.0,train
0.40567406495390784,0.5943259350460921,1.0,train
0.22221240370363865,0.7777875962963614,1.0,train
0.6156128523592425,0.38438714764075754,0.07305850939045486,train
0.05338970018100222,0.9466102998189978,1.0,train
0.20331496146845332,0.7966850385315467,1.0,train
0.6733952112422246,0.32660478875777543,0.025504840652453953,train
0.027727301164558783,0.9722726988354412,1.0,train
0.40557194269037466,0.5944280573096253,0.5652009465861755,train
0.3453075271910345,0.6546924728089655,1.0,train
0.06419437284307408,0.935805627156926,1.0,train
0.3892830266387602,0.6107169733612399,0.12046556915686088,train
0.20341689487741507,0.7965831051225849,0.6947895783588682,train
0.11648900615505602,0.883510993844944,1.0,train
0.21844358762169724,0.7815564123783028,0.4571789922130049,train
0.03881768659665796,0.961182313403342,1.0,train
0.19132059466452062,0.8086794053354794,0.8012481867530885,train
0.18307557382755518,0.8169244261724449,1.0,train
0.36936986442140773,0.6306301355785923,0.307525951711301,train
0.29597673742123176,0.7040232625787682,0.08264086782926758,train
0.7004287036351765,0.2995712963648235,0.2184183328729309,train
0.4072888802191569,0.5927111197808431,0.11808269956056784,train
0.5041531784787702,0.49584682152122983,0.11661386721868201,train
0.11357306281900058,0.8864269371809994,1.0,train
0.050127674472148234,0.9498723255278517,1.0,train
0.8672727576825789,0.13272724231742106,0.005281986107011416,train
0.1119210781813685,0.8880789218186315,0.8634021797320444,train
0.6699805522691265,0.33001944773087355,0.02226101856252558,train
0.36877234264450687,0.6312276573554931,1.0,train
0.06917031856799047,0.9308296814320095,1.0,train
0.48489689348762693,0.515103106512373,0.08059339051482811,train
0.8530847245442145,0.14691527545578542,0.10877656689040288,train
0.11001624057857884,0.8899837594214212,0.23222851191290644,train
0.0797811557752642,0.9202188442247358,1.0,train
0.18089530295121137,0.8191046970487886,0.597359117691946,train
0.9446755430300043,0.05532445696999566,0.0022077010713387867,train
0.2298336387314038,0.7701663612685962,0.747164885378159,train
0.07328697743348705,0.926713022566513,1.0,train
0.20572593157277952,0.7942740684272205,0.7689710352322972,train
0.8082642815357355,0.19173571846426452,0.03243951127087971,train
0.10400809474777571,0.8959919052522243,0.8929297584135587,train
0.44329287138471196,0.556707128615288,1.0,train
0.09442382701016945,0.9055761729898305,1.0,train
0.10931774954786816,0.8906822504521319,1.0,train
0.2475038118331593,0.7524961881668406,0.29435595492779154,train
0.318439069975991,0.6815609300240091,1.0,train
0.137216044350873,0.862783955649127,0.2618718396970302,train
0.46572514677081844,0.5342748532291816,0.13680060384367376,train
0.24151454549070445,0.7584854545092956,1.0,train
0.44652693863983467,0.5534730613601653,0.058330921507780124,train
0.463654636374947,0.5363453636250529,1.0,train
0.055605741213530915,0.9443942587864691,0.94031986952217,train
0.028415745860663158,0.9715842541393368,1.0,train
0.04827539234180469,0.9517246076581953,1.0,train
0.2568694452642666,0.7431305547357334,0.5949244027025561,train
0.1960543162107983,0.8039456837892017,0.7470866894235727,train
0.42218766129229934,0.5778123387077007,0.45582188338705976,train
0.1408476042681942,0.8591523957318058,0.7959902698493192,train
0.37706544851114393,0.622934551488856,0.13332601310276262,train
0.2915776600712821,0.708422339928718,1.0,train
0.5155721593075853,0.48442784069241474,0.2003016586855596,train
0.2905198424398606,0.7094801575601394,0.41814243543022467,train
0.13057816952143542,0.8694218304785646,1.0,train
0.2995938340015116,0.7004061659984884,0.42575903821741723,train
0.40740306065568443,0.5925969393443156,1.0,train
0.055808239364444796,0.9441917606355552,1.0,train
0.027369550858484287,0.9726304491415158,1.0,train
0.8918133457767552,0.1081866542232448,0.018491535768125456,train
0.2877428582621095,0.7122571417378905,0.5919957618720064,train
0.8908249127839422,0.10917508721605784,1.0,train
0.34318419543879464,0.6568158045612054,1.0,train
0.07692351540277827,0.9230764845972217,1.0,train
0.4524216622027486,0.5475783377972514,1.0,train
0.4292659400368552,0.5707340599631449,0.5524419308659855,train
0.34111558516956725,0.6588844148304327,1.0,train
0.03183417104184942,0.9681658289581506,1.0,train
0.41433470532810585,0.5856652946718941,0.1330093159570025,train
0.5624911777541122,0.43750882224588783,1.0,train
0.9229975573480724,0.07700244265192757,0.01355982211634581,train
0.28290226993312373,0.7170977300668763,1.0,train
0.8806505605183714,0.11934943948162857,0.01646023310759297,train
0.9645810765308342,0.03541892346916575,0.02396977553908103,train
0.09700172858280875,0.9029982714171912,1.0,train
0.2702296868380882,0.7297703131619118,0.12160743037405057,train
0.3352666747738699,0.66473332522613,0.06650950908211999,train
0.2824686982959556,0.7175313017040443,0.08280686773190364,train
0.9464618605437718,0.053538139456228206,0.0019728425934788275,train
0.07854431359267258,0.9214556864073274,1.0,train
0.2517817953150224,0.7482182046849776,1.0,train
0.49113048531657594,0.5088695146834241,0.036554250587737425,train
0.2473304089193046,0.7526695910806954,0.32406711421494905,train
0.7180291699241924,0.2819708300758076,0.11259324929727144,train
0.08361046767295313,0.9163895323270469,1.0,train
0.10265487286801395,0.8973451271319861,0.49941403833309006,train
0.8434010416003985,0.15659895839960147,0.1089929493600567,train
0.21002183312900313,0.7899781668709969,1.0,train
0.04389783168569914,0.9561021683143008,0.5453471336783178,train
0.3644234966334326,0.6355765033665673,0.06495202243405289,train
0.08573461715109484,0.9142653828489051,1.0,train
0.11031282818424847,0.8896871718157515,0.36396642637228777,train
0.30441427168982543,0.6955857283101746,1.0,train
0.2217334960616269,0.7782665039383732,1.0,train
0.030910386847862067,0.9690896131521379,1.0,train
0.4245964728049083,0.5754035271950917,0.42455067162183374,train
0.45220779686346074,0.5477922031365392,1.0,train
0.17570907690578555,0.8242909230942145,0.7439974868651791,train
0.4563673505684536,0.5436326494315464,1.0,train
0.7760627030307524,0.22393729696924758,1.0,train
0.4199955703542159,0.580004429645784,0.07087601819836965,train
0.029641159415052656,0.9703588405849474,0.9077972945098893,train
0.27149195734238035,0.7285080426576196,1.0,train
0.8736884878371733,0.12631151216282666,0.01097962996313683,train
0.134815902161159,0.865184097838841,0.19722078959798964,train
0.4351843474871642,0.5648156525128358,1.0,train
0.06758945591754872,0.9324105440824513,1.0,train
0.4309098366319502,0.5690901633680499,1.0,train
0.1363643178589847,0.8636356821410153,1.0,train
0.1423971777366736,0.8576028222633264,1.0,train
0.05436395875585136,0.9456360412441487,1.0,train
0.41135740999010095,0.588642590009899,0.5066049461499255,train
0.16273546846692138,0.8372645315330787,1.0,train
0.31849345678788615,0.6815065432121139,1.0,train
0.2630418414981368,0.7369581585018632,1.0,train
0.12517703275841935,0.8748229672415806,1.0,train
0.43658696911093664,0.5634130308890634,1.0,train
0.052818231662455646,0.9471817683375443,0.9392941160074405,train
0.07560373382104915,0.9243962661789509,0.9025036865458881,train
0.028391019915210928,0.9716089800847891,0.5611552024490667,train
0.022571804661079196,0.9774281953389208,1.0,train
0.0387321214409247,0.9612678785590754,1.0,train
0.28261423277669007,0.7173857672233099,1.0,train
0.8316483863278478,0.16835161367215223,0.08691618964138566,train
0.5397842014120255,0.46021579858797446,1.0,train
0.0759943777362475,0.9240056222637525,1.0,train
0.02169643718419901,0.978303562815801,1.0,train
0.09632051884013003,0.90367948115987,0.8157764183503616,train
0.5206185821542351,0.47938141784576493,0.2942868683789464,train
0.9629245401435192,0.03707545985648075,0.009838961444953808,train
0.772850174739253,0.2271498252607469,0.2171168257540192,train
0.4143702432075426,0.5856297567924573,0.11587805691646279,train
0.4186704920449854,0.5813295079550147,1.0,train
0.14335143596456043,0.8566485640354395,0.7883698117505809,train
0.03902747999719328,0.9609725200028068,1.0,train
0.10001510364479967,0.8999848963552003,1.0,train
0.37656857909325,0.62343142090675,0.08891800151181413,train
0.15287726518186065,0.8471227348181394,0.708005916684666,train
0.9388502877231043,0.061149712276895696,0.014629150412378574,train
0.05350562645206823,0.9464943735479318,1.0,train
0.07351656040256618,0.9264834395974338,1.0,train
0.081777311359363,0.918222688640637,1.0,train
0.42330883864432317,0.5766911613556769,0.19142911292320833,train
0.5657568168314532,0.4342431831685468,1.0,train
0.2846161729681262,0.7153838270318738,1.0,train
0.16322610170557555,0.8367738982944245,1.0,train
0.3753895715067113,0.6246104284932887,1.0,train
0.28354905348765724,0.7164509465123428,0.5931995394735777,train
0.4546172971634506,0.5453827028365494,1.0,train
0.2718429592721947,0.7281570407278053,1.0,train
0.04195167652533493,0.9580483234746651,1.0,train
0.048150919993280875,0.9518490800067191,0.9449282686069352,train
0.409429143521276,0.590570856478724,0.14027733199056777,train
0.9534066325434183,0.046593367456581714,0.0016705219951322651,train
0.8540060725834201,0.1459939274165799,0.006918396626486188,train
0.926894397503115,0.07310560249688491,0.005473837527045906,train
0.07084734935429522,0.9291526506457048,1.0,train
0.8974413701753549,0.10255862982464525,0.005380612304340568,train
0.07679163895920764,0.9232083610407924,1.0,train
0.007992412982789543,0.9920075870172105,1.0,train
0.19051573503378536,0.8094842649662146,0.17635298015959902,train
0.12664749228427943,0.8733525077157206,0.24758572711014706,train
0.3662456515232295,0.6337543484767705,0.5322500314784743,train
0.26468513585331277,0.7353148641466872,1.0,train
0.9322642302575211,0.06773576974247886,0.004497797817167433,train
0.19157124075436258,0.8084287592456374,0.6946143869967372,train
0.40676731758208123,0.5932326824179188,1.0,train
0.29152321964999706,0.7084767803500029,1.0,train
0.2873957127909948,0.7126042872090053,0.1075559280554645,train
0.19627763052707553,0.8037223694729245,1.0,train
0.0607042234699212,0.9392957765300788,1.0,train
0.7760627030307524,0.22393729696924758,0.010320487203409038,train
0.23354768652031344,0.7664523134796866,1.0,train
0.4425229259677944,0.5574770740322056,0.05326829977665141,train
0.035895494798838926,0.9641045052011611,1.0,train
0.24444542726198,0.7555545727380201,1.0,train
0.6084464813386097,0.3915535186613903,0.05463135693911794,train
0.04359270558530567,0.9564072944146943,1.0,train
0.5445944761910387,0.45540552380896127,0.03328900823580629,train
0.4628241078418766,0.5371758921581233,1.0,train
0.4643614235663738,0.5356385764336262,1.0,train
0.8645749174671241,0.13542508253287588,0.0056840796319299605,val
0.20222039734584232,0.7977796026541577,0.1944682040933023,val
0.19722765284863805,0.8027723471513619,1.0,val
0.7384763275024936,0.2615236724975064,1.0,val
0.13360052085830637,0.8663994791416937,1.0,val
0.10724379725131501,0.892756202748685,1.0,val
0.33808516724354537,0.6619148327564546,0.10889221584565847,val
0.631843176002527,0.36815682399747296,0.028941649842093606,val
0.7453969745532915,0.25460302544670843,0.06652027752596043,val
0.825131351137599,0.17486864886240105,0.013010094868557469,val
0.05858312369392032,0.9414168763060797,1.0,val
0.916514981481686,0.08348501851831402,0.005423225061528722,val
0.3630781312096848,0.6369218687903152,0.10214201045519494,val
0.08949368246926369,0.9105063175307363,1.0,val
0.3658592481213832,0.6341407518786168,1.0,val
0.20720175456697176,0.7927982454330282,1.0,val
0.04577854317048716,0.9542214568295129,0.5345693349854101,val
0.32227201944916667,0.6777279805508334,0.20142095489845188,val
0.3922545131779205,0.6077454868220795,1.0,val
0.26782889758878914,0.7321711024112109,0.1345228282942123,val
0.1373420790847682,0.8626579209152319,1.0,val
0.32796644421248744,0.6720335557875126,0.47562895218753193,val
0.18598978441514355,0.8140102155848564,1.0,val
0.4553721152718113,0.5446278847281887,1.0,val
0.9419254768899841,0.05807452311001582,0.03247090856758677,val
0.25155513146347447,0.7484448685365255,1.0,val
0.6484222200841444,0.3515777799158556,0.030146485348758616,val
0.3458007646193256,0.6541992353806745,0.6211853583509175,val
0.3836774178687848,0.6163225821312153,0.05883967329419736,val
0.37113159305707466,0.6288684069429253,1.0,val
0.10903590034541352,0.8909640996545864,1.0,val
0.08060529569535398,0.919394704304646,1.0,val
0.04084795771441891,0.959152042285581,1.0,val
0.2456702744897302,0.7543297255102698,1.0,val
0.03341397222614008,0.9665860277738599,1.0,val
0.9810041286686666,0.018995871331333403,0.0007590800572720226,val
0.14787500092549408,0.8521249990745059,0.7955756362447498,val
0.1768365478396266,0.8231634521603735,1.0,val
0.31185831423453764,0.6881416857654623,1.0,val
0.045914596426049954,0.9540854035739501,1.0,val
0.3553485832101285,0.6446514167898715,1.0,val
0.12960940946740718,0.8703905905325928,0.8576289690568426,val
0.06640231714939838,0.9335976828506016,1.0,val
0.444191879492922,0.555808120507078,1.0,val
0.3840514741587753,0.6159485258412247,0.057586576652700124,val
0.13150218919061535,0.8684978108093847,1.0,val
0.054854141796469975,0.94514585820353,0.9284174189566723,val
0.0368671209026476,0.9631328790973523,1.0,val
0.3668137011733837,0.6331862988266164,0.08274012154093471,val
0.055805877538843654,0.9441941224611563,0.8133630050475034,val
0.10274365678058504,0.8972563432194149,1.0,val
0.36549911450503836,0.6345008854949616,0.15466060856409172,val
0.31836414744055513,0.6816358525594448,1.0,val
0.7792248721141342,0.22077512788586584,0.010516242841635623,val
0.35635728421841756,0.6436427157815825,1.0,val
0.09056104659793587,0.9094389534020642,1.0,val
0.10946963963324703,0.890530360366753,1.0,val
0.17393839911174142,0.8260616008882586,0.2066332219711464,val
0.25762834710419463,0.7423716528958053,1.0,val
0.8830788748284921,0.11692112517150777,0.048450189063503166,val
0.33365967528625223,0.6663403247137478,1.0,val
0.16490969631994673,0.8350903036800532,1.0,val
0.2361844605561499,0.7638155394438502,1.0,val
0.933538951408117,0.06646104859188295,0.0031047988511196632,val
0.16663626633964862,0.8333637336603514,1.0,val
0.32404987320640877,0.6759501267935912,0.08788061336033987,val
0.30594835455599945,0.6940516454440006,1.0,val
0.2627919728785921,0.7372080271214079,1.0,val
0.37098819279508527,0.6290118072049147,1.0,val
0.2518877649053683,0.7481122350946317,0.3175815329116052,val
0.13235007401078946,0.8676499259892105,1.0,val
0.039728107255606916,0.9602718927443931,1.0,val
0.34427702691582873,0.6557229730841713,1.0,val
0.6506757957323566,0.34932420426764343,0.3197458282490529,val
0.12756432061929393,0.8724356793807061,1.0,val
0.2598784168302086,0.7401215831697914,0.6213267325010369,val
0.1592575152390676,0.8407424847609324,1.0,val
0.06460955623659652,0.9353904437634035,0.8508398183354638,val
0.3416760076801902,0.6583239923198098,1.0,val
0.16421509496719847,0.8357849050328016,1.0,val
0.20194371749749787,0.7980562825025022,1.0,val
0.43770279199331663,0.5622972080066834,0.04714560011811313,val
0.5340614120355444,0.46593858796445575,1.0,val
0.3674421337990533,0.6325578662009467,0.47637835832774617,val
0.9738261811402485,0.026173818859751452,0.0035389780886205947,val
0.926894397503115,0.07310560249688491,0.014500881629143703,val
0.8322213398738184,0.1677786601261816,0.007481070399016161,val
0.45377423908461095,0.5462257609153891,1.0,val
0.21492380968550262,0.7850761903144974,1.0,val
0.051968618496959836,0.9480313815030401,1.0,val
0.791182514648566,0.20881748535143396,0.014140266430195683,val
0.8361051388615794,0.16389486113842056,1.0,val
0.41256354912237714,0.5874364508776229,1.0,val
0.9748073322910634,0.025192667708936578,0.009270880613827612,val
0.2722340754875277,0.7277659245124724,1.0,val
0.16581625664824598,0.834183743351754,1.0,val
0.42300680427916276,0.5769931957208372,1.0,val
0.01715999755487034,0.9828400024451297,1.0,val
0.09770865192122617,0.9022913480787739,0.8058511632494684,val
0.3564878423699535,0.6435121576300464,1.0,val
0.9183901918713807,0.08160980812861929,0.004633419681719639,val
0.7948946018049717,0.20510539819502827,1.0,val
0.2691197279046778,0.7308802720953222,0.11246020964072342,val
0.8736223926249613,0.12637760737503867,0.005173177938926241,val
0.4424691127621207,0.5575308872378792,0.07610679981786857,val
0.12352365205457427,0.8764763479454257,0.8531730364846574,val
0.08330523086825678,0.9166947691317432,1.0,val
0.27049904040779743,0.7295009595922026,1.0,val
0.03693724752505025,0.9630627524749498,1.0,val
0.33838202682851537,0.6616179731714846,1.0,val
0.8922848105943643,0.10771518940563574,1.0,val
0.23248937390218122,0.7675106260978188,0.23659948666053868,val
0.13242966974374962,0.8675703302562504,1.0,val
0.22606126596618578,0.7739387340338142,0.7176112400761322,val
0.23701152819388493,0.7629884718061151,0.3703835272757465,val
0.0987014713842862,0.9012985286157138,1.0,val
0.4423929149265723,0.5576070850734277,1.0,val
0.9104683879343293,0.08953161206567073,0.014597184575458388,val
0.22903515124327406,0.770964848756726,1.0,val
0.07159351309803473,0.9284064869019653,1.0,val
0.025897986581997053,0.974102013418003,1.0,val
0.12216217333945287,0.8778378266605471,1.0,val
0.9239822142415475,0.07601778575845253,1.0,val
0.8174035516623539,0.1825964483376461,0.11603003132268329,val
0.14270067283047008,0.85729932716953,1.0,val
0.16943221760107907,0.8305677823989209,0.17702344943481454,val
0.06012174951997703,0.9398782504800229,1.0,val
0.3258945302269651,0.6741054697730349,0.06756444697491315,val
0.22070907873931891,0.7792909212606811,1.0,val
0.035438771099390136,0.9645612289006099,1.0,val
0.1802441525767923,0.8197558474232077,1.0,val
0.9620556048955385,0.03794439510446135,0.0019187796987851593,val
0.4206454484305291,0.5793545515694709,0.06373638592316117,val
0.7801016292432366,0.21989837075676344,0.00969629826178171,val
0.34800703560056745,0.6519929643994326,1.0,val
0.15980314795980866,0.8401968520401913,0.8127527421293651,val
0.3332945512827098,0.6667054487172901,1.0,val
0.94421921732941,0.055780782670589946,0.006094206481846233,val
0.14587944539973804,0.8541205546002619,1.0,val
0.3585513677899605,0.6414486322100394,1.0,val
0.5912604250611906,0.4087395749388094,0.2434365416023483,val
0.935306778732994,0.06469322126700605,0.002801333603521846,val
0.19940326783452145,0.8005967321654786,1.0,val
0.37772954096967387,0.6222704590303261,1.0,val
0.1769453584772753,0.8230546415227247,1.0,val
0.16940175507317212,0.8305982449268279,1.0,val
0.3227193646389948,0.6772806353610052,1.0,val
0.26213529616461007,0.7378647038353899,1.0,val
0.23770249077819863,0.7622975092218014,1.0,val
0.6547254988862701,0.3452745011137299,0.18836380691997903,val
0.0681360758193835,0.9318639241806165,1.0,val
0.055468840877870934,0.944531159122129,0.5425782640177236,val
0.13771543043663156,0.8622845695633684,1.0,val
0.23308908694958408,0.7669109130504159,1.0,val
0.1434706103110969,0.8565293896889031,1.0,val
0.934907341748532,0.06509265825146804,0.002942332965211285,val
0.1982696561802898,0.8017303438197101,1.0,val
0.509903750344244,0.49009624965575604,0.04433951999661213,val
0.8176223696657636,0.18237763033423637,0.1023931496218363,val
0.2910037885303611,0.7089962114696389,1.0,val
0.31311199550074253,0.6868880044992575,1.0,val
0.8461776733396841,0.15382232666031592,0.008315263059832658,val
0.9483457752733823,0.05165422472661774,0.00239542058644207,val
0.9418912453690833,0.05810875463091669,0.0030156570533682566,val
0.21018576331818248,0.7898142366818175,1.0,val
0.08953975560507518,0.9104602443949248,1.0,val
0.28746036538290753,0.7125396346170925,1.0,val
0.04310611808343103,0.956893881916569,1.0,val
0.21910461091960556,0.7808953890803944,1.0,val
0.16915467670391815,0.8308453232960819,1.0,val
0.862717018429816,0.13728298157018404,0.008781655829739055,val
0.6111840804653602,0.3888159195346398,1.0,val
0.03552218938383165,0.9644778106161683,1.0,val
0.04071179545401537,0.9592882045459846,1.0,val
0.08346209035438767,0.9165379096456123,1.0,val
0.4498166206568256,0.5501833793431743,0.04179280036901208,val
0.03538703978451332,0.9646129602154867,1.0,val
0.4576839226175581,0.5423160773824419,0.04610941008163956,val
0.06470622051880182,0.9352937794811982,1.0,val
0.995199138394672,0.0048008616053279995,0.0009555034640033148,val
0.8907469316123237,0.10925306838767634,0.005776034942815282,val
0.20198648692878463,0.7980135130712154,1.0,val
0.2641398237524813,0.7358601762475188,1.0,val
0.2062647006109453,0.7937352993890547,0.7105030694654576,val
0.05382280509030936,0.9461771949096907,0.7097479250431256,val
0.06662331300525508,0.933376686994745,1.0,val
0.03267684118670221,0.9673231588132978,0.9235390456386968,val
0.29735685204841467,0.7026431479515853,1.0,val
0.05801024669201269,0.9419897533079873,1.0,val
0.30225781871020446,0.6977421812897955,1.0,val
0.8919448995956974,0.10805510040430255,0.01983478044412114,val
0.07035020892469282,0.9296497910753072,0.6878262473256744,val
0.33688069672389487,0.6631193032761051,0.43361251242346865,val
0.3776654750648529,0.6223345249351471,1.0,val
0.05858312369392032,0.9414168763060797,1.0,val
0.19328632385867198,0.8067136761413279,1.0,val
0.09755714398488,0.90244285601512,1.0,val
0.3024125840395849,0.6975874159604152,0.14191476667758177,val
0.0633970706503124,0.9366029293496876,1.0,val
0.3718501180102815,0.6281498819897184,1.0,val
0.12512218871901162,0.8748778112809883,1.0,val
0.29302992900272395,0.7069700709972762,0.48095495328922405,val
0.1058022137460215,0.8941977862539785,1.0,val
0.2162296263248534,0.7837703736751467,1.0,val
0.9553197810364555,0.04468021896354446,0.0017217886747695776,val
0.34123558767288165,0.6587644123271184,1.0,val
0.35766893140893025,0.6423310685910697,0.5845643036098622,val
0.9254174715963539,0.0745825284036461,0.005442412473879274,val
0.24926918222445987,0.7507308177755401,1.0,val
0.33293431327351497,0.667065686726485,1.0,val
0.5158437663818843,0.48415623361811566,1.0,val
0.17499934355421531,0.8250006564457847,0.6848672829651303,val
0.7556344195203905,0.24436558047960955,0.012091189231571082,val
0.3092399891440795,0.6907600108559204,1.0,val
0.3968718889726201,0.6031281110273798,1.8321492570247793,test
0.8958846307481805,0.10411536925181952,0.03641538265662225,test
0.04273573343767383,0.9572642665623262,0.4933413757468166,test
0.17620172694377823,0.8237982730562218,1.1731324560390264,test
0.5120310205940918,0.4879689794059082,0.023335256059685186,test
0.48731126069673375,0.5126887393032662,1.3667702110120719,test
0.38815300814920634,0.6118469918507936,1.4642995904949272,test
0.2638177147562369,0.7361822852437632,2.33007974629535,test
0.15569047375174003,0.84430952624826,1.1028786299960307,test
0.30810034910408407,0.6918996508959159,1.8653346549671412,test
0.2780037145005772,0.7219962854994229,2.2788313994646434,test
0.0577051087211754,0.9422948912788246,3.355985524162972,test
0.4229787999582463,0.5770212000417537,0.7282615863296648,test
0.5044982337277364,0.4955017662722636,0.03164074217669265,test
0.042931054174614104,0.9570689458253859,0.18178510793299862,test
0.2491313881224017,0.7508686118775982,0.3704156982535328,test
0.2902442186961059,0.7097557813038942,0.5584575466049471,test
0.8483384845365832,0.15166151546341677,0.00926473120258646,test
0.055055005081618064,0.9449449949183819,3.1068344092958675,test
0.05619756178381529,0.9438024382161847,2.578416368585984,test
0.03382079549772981,0.9661792045022701,3.33241068945276,test
0.4677140584656677,0.5322859415343323,1.5375237125107795,test
0.2801376362800432,0.7198623637199568,1.6159338781627177,test
0.07670412919085622,0.9232958708091438,1.2213183284109732,test
0.4426108187477035,0.5573891812522964,0.03396220093510671,test
0.2859899399361375,0.7140100600638625,1.2194525246761605,test
0.362402159394778,0.6375978406052221,1.188325246022794,test
0.38377392149794715,0.6162260785020529,0.05834633428870044,test
0.9679299175019809,0.032070082498019126,0.0011199390728776652,test
0.4478527609518851,0.5521472390481149,0.04714843403114842,test
0.07877943139095504,0.921220568609045,0.6385437605148541,test
0.24362174429290276,0.7563782557070973,1.7648940740467944,test
0.9681534227900286,0.031846577209971416,1.0232550615124727,test
0.2532909663578018,0.7467090336421982,1.7749485582661662,test
0.3065426930573508,0.6934573069426493,1.686448677730728,test
0.6353695052132615,0.3646304947867385,1.024098119014937,test
0.23520517277645686,0.7647948272235432,0.7948040550633205,test
0.04060814777546004,0.9593918522245399,2.5245181841996733,test
0.09957050650386752,0.9004294934961324,1.3124259023603286,test
0.49687019911908703,0.503129800880913,1.232262563659066,test
0.9056538176610942,0.09434618233890579,0.0035833945326175505,test
0.2079065079293121,0.7920934920706879,2.0500897640348796,test
0.06678141321633696,0.9332185867836631,2.92190592038057,test
0.05381617611627133,0.9461838238837287,2.871988192172798,test
0.34055655675393054,0.6594434432460694,1.9665413123771682,test
0.019320392114926265,0.9806796078850737,3.562136582473506,test
0.22946919094856402,0.770530809051436,1.5579330666116584,test
0.9364546454282484,0.06354535457175159,0.007028834745617659,test
0.4957046839037134,0.5042953160962866,1.3860892577999575,test
0.0487009110391152,0.9512990889608848,0.36797453097764365,test
0.27220023211817923,0.7277997678818208,0.6421080889963607,test
0.8855039050365509,0.11449609496344915,0.11362272396581133,test
0.24266045229326647,0.7573395477067336,0.9528179176739695,test
0.8275476419631514,0.17245235803684855,0.007545552940532336,test
0.9106961554448335,0.08930384455516649,0.06180013833151699,test
0.45327404885438555,0.5467259511456144,0.028027718085970654,test
0.502461029831268,0.49753897016873205,0.031906068105384135,test
0.1369487248904519,0.8630512751095482,2.2780889441295953,test
0.9692879085172722,0.0307120914827278,0.0010600999144527363,test
0.9376837888685249,0.06231621113147512,0.003934448701583769,test
0.26133005122658737,0.7386699487734126,2.305469090539926,test
0.10517860170288891,0.894821398297111,1.7981301980138997,test
0.5320688367113755,0.4679311632886245,0.349724235854156,test
0.3877216851350669,0.6122783148649331,0.04432984898923148,test
0.41368230946681117,0.5863176905331888,1.14431989297708,test
0.19020212937793202,0.809797870622068,2.0330697375859614,test
0.21041688099721562,0.7895831190027844,1.8716299910945957,test
0.43168859143972815,0.5683114085602718,0.39749214144003436,test
0.0969889067757318,0.9030110932242682,1.687580186393057,test
0.4913999129110797,0.5086000870889202,0.027523415428373003,test
0.06594554969959819,0.9340544503004018,0.4002255758211894,test
0.43543345601547667,0.5645665439845233,0.04464271302737451,test
0.41607661084286723,0.5839233891571327,1.5922028390968048,test
0.053442875468896936,0.9465571245311031,0.48829273774314247,test
0.384112168694033,0.615887831305967,0.07760511873042877,test
0.1256042195513686,0.8743957804486314,2.9363703959023697,test
0.27433440354261035,0.7256655964573897,0.05234653088841308,test
0.07250159693322267,0.9274984030667773,1.7824943541846023,test
0.9593098105384583,0.04069018946154168,0.02451646743045221,test
0.27624799865769606,0.723752001342304,1.0808445526349966,test
0.1492863765587689,0.8507136234412311,0.0704948583335407,test
0.21686621050007782,0.7831337894999222,0.22626930742404644,test
0.05046363960601485,0.9495363603939851,3.848295466182045,test
0.5036428410460447,0.49635715895395527,1.6092076023767137,test
0.25294998800385926,0.7470500119961407,2.0380262766326585,test
0.31413177778831336,0.6858682222116866,0.4633559629324701,test
0.5059882724151549,0.49401172758484513,0.042755699076506566,test
0.08828633492809468,0.9117136650719053,1.8200132753259721,test
0.32891338329193787,0.6710866167080621,2.000708432759223,test
0.9500490570965501,0.049950942903449924,0.028089416138996553,test
0.9107502976471938,0.08924970235280616,0.004689957956496523,test
0.910703891858484,0.089296108141516,0.05317631508376996,test
0.21522962549792637,0.7847703745020735,1.0975892842465096,test
0.36931291385239845,0.6306870861476015,0.3766361135435098,test
0.07062847128104788,0.9293715287189521,2.9764712747599065,test
0.5320688367113755,0.4679311632886245,1.1456684922642169,test
0.1747934947037364,0.8252065052962636,1.4094565847264564,test
0.8736635296131584,0.1263364703868416,0.026560813837586062,test
0.3588166451890017,0.6411833548109983,1.4382816260479097,test
0.42348702791489473,0.5765129720851052,0.048953677835239795,test
0.37193827834224347,0.6280617216577566,1.3383546336353858,test
0.7833938774527814,0.21660612254721856,1.1941473351284455,test
0.22946919094856402,0.770530809051436,0.04984298652195613,test
0.3444840331065868,0.6555159668934132,1.1815723782518415,test
0.3469912378609655,0.6530087621390345,0.7190778460824155,test
0.2079065079293121,0.7920934920706879,1.7321195904782096,test
0.3391975735500523,0.6608024264499477,0.0462850134618626,test
0.20466506788180316,0.7953349321181968,1.7751920522627502,test
0.4392851330990461,0.5607148669009538,1.6005381445068068,test
0.02043264771006044,0.9795673522899395,2.5761610155002153,test
0.7830452206832149,0.21695477931678508,0.010744571498237059,test
0.1399206182558807,0.8600793817441192,2.0576245078966,test
0.03287087216169651,0.9671291278383035,3.291786675142036,test
0.042931054174614104,0.9570689458253859,2.835849203230944,test
0.47933121587481536,0.5206687841251847,0.3887308761863058,test
0.047067652283805266,0.9529323477161947,3.0804586208439724,test
0.31862564098015217,0.6813743590198478,0.12933940876910774,test
0.23176336221877197,0.768236637781228,1.086748430963422,test
0.7175771818569592,0.2824228181430408,0.020671608750215894,test
0.3280001024218839,0.6719998975781161,1.6239300507799712,test
0.4281674336902861,0.5718325663097139,0.031133852319720778,test
0.2391406231168489,0.7608593768831511,2.0311333348804963,test
0.3503958332570483,0.6496041667429517,1.9748926123153059,test
0.7095952723890138,0.29040472761098624,1.1345062553823961,test
0.3431129106804917,0.6568870893195083,1.506064486315769,test
0.21315240102065325,0.7868475989793468,1.9113262878582125,test
0.4310493141008146,0.5689506858991853,0.1683007002248284,test
0.24033585314740238,0.7596641468525976,2.3776354702633005,test
0.4494245983763669,0.550575401623633,1.7004231624396693,test
0.909746141513052,0.090253858486948,0.00525670202724778,test
0.9530348360697191,0.04696516393028094,0.0025467940305322337,test
0.24780575221961254,0.7521942477803875,1.1648952870954064,test
0.08441672789868739,0.9155832721013126,3.334253989872424,test
0.2638388304524967,0.7361611695475033,1.902360334203163,test
0.2855600870483722,0.7144399129516278,1.090935379792756,test
0.8449237464049213,0.1550762535950787,0.09865871053196698,test
0.8170907281662573,0.18290927183374273,0.05232479703799249,test
0.2115889064719386,0.7884110935280614,1.366662791290207,test
0.979350583573058,0.020649416426941958,0.0012696817312788761,test
0.05935009441658795,0.9406499055834121,2.1596305380578675,test
0.7190937694054041,0.28090623059459585,0.06337378110475182,test
0.10443925142474465,0.8955607485752554,0.09395458002193853,test
0.9049611551774667,0.09503884482253322,0.036211392272979065,test
0.05125435219345742,0.9487456478065426,3.0406638408388056,test
0.2867097905807111,0.7132902094192889,0.07933011069340355,test
0.08142144870524934,0.9185785512947506,2.8489827438416353,test
0.23700044783908558,0.7629995521609144,1.4467216660622866,test
0.41148304622243365,0.5885169537775663,0.03145892343148561,test
0.29000134459232707,0.7099986554076729,1.8232296562793417,test
0.04666813429395728,0.9533318657060428,2.585123895612016,test
0.4920756523646454,0.5079243476353545,1.607650921250232,test
0.9446680287910145,0.055331971208985475,0.002633714906373688,test
0.15968323719562336,0.8403167628043766,1.7766623756848128,test
0.3444840331065868,0.6555159668934132,1.9707982696167547,test
0.40664968390154993,0.5933503160984501,1.6997640073966895,test
0.572904813449083,0.42709518655091705,0.020123651686317513,test
0.5832227930719562,0.41677720692804376,0.03730550505122404,test
0.25438384251721957,0.7456161574827804,0.08676140450489789,test
0.29072385014341917,0.7092761498565808,0.28675263506499005,test
0.4235480683757392,0.5764519316242608,0.1075662225268318,test
0.2454913778112316,0.7545086221887685,1.9067560457646342,test
0.4813894330406991,0.5186105669593009,0.4079596592801612,test
0.690082797352171,0.30991720264782907,0.01313995099428231,test
0.16947800346514327,0.8305219965348567,1.840814016005726,test
0.44545509381997606,0.5545449061800239,1.5751145679736844,test
0.0886839291024185,0.9113160708975815,0.8654924639061423,test
0.2602104732219916,0.7397895267780084,0.063715662626843,test
0.7122977330931765,0.28770226690682354,0.014770109817553247,test
0.6972043077915109,0.3027956922084891,0.16010983501806578,test
0.1266198317097129,0.8733801682902871,0.6008983346831809,test
0.23026922565114308,0.769730774348857,0.23882015322635003,test
0.47844111136199946,0.5215588886380005,1.7244196869484405,test
0.8709253806744562,0.12907461932554376,0.006857305126717322,test
0.2071996788388595,0.7928003211611405,0.055235043573948865,test
0.19069230614252475,0.8093076938574753,1.726228576006278,test
0.1730302090813969,0.8269697909186031,1.6550152340735087,test
0.7664029317744425,0.23359706822555748,1.0513589370380718,test
0.36132620129178616,0.6386737987082138,0.17203161015305954,test
0.3103568973000306,0.6896431026999694,2.0961253411665424,test
0.0716981432691358,0.9283018567308642,1.9527982368397505,test
0.07744117516760177,0.9225588248323983,2.261080117299686,test
0.14483870747614672,0.8551612925238533,1.471025557079388,test
0.32742962365910583,0.6725703763408941,0.1106541914109289,test
0.09158337245473658,0.9084166275452634,2.9880013623054564,test
0.3181317559426495,0.6818682440573505,1.0114408074487873,test
0.1082349243402269,0.891765075659773,1.0520103209911447,test
0.4228257669110252,0.5771742330889749,1.5179930519470337,test
0.15009134400301175,0.8499086559969883,2.644144179865614,test
0.2540069472309503,0.7459930527690497,2.3373601110609807,test
0.8656062675015131,0.13439373249848696,0.13317585557212164,test
0.23304527711065887,0.7669547228893412,1.7166808364222872,test
0.923370317167846,0.07662968283215399,0.0037397069137845526,test
0.05443036723312933,0.9455696327668707,2.0837335739782077,test
0.01662249865172515,0.9833775013482748,2.277535061501015,test
0.4045975914018056,0.5954024085981944,1.1686464631337805,test
0.5045274636993387,0.49547253630066135,0.026156453441850948,test
0.22129291729810593,0.778707082701894,0.8158794799893709,test
0.1529004549425685,0.8470995450574315,2.259385784403562,test
0.960930427399347,0.039069572600653024,0.014601218659599463,test
0.3898097885467039,0.6101902114532961,1.7014807186078673,test
0.5914777172132745,0.40852228278672553,1.134005014223002,test
0.39777192904080794,0.6022280709591921,1.6340667381660905,test
0.9060884440019668,0.09391155599803325,0.003759959876089024,test
0.08663568977723407,0.9133643102227659,3.00320363089336,test
0.4092511644842197,0.5907488355157803,0.04030529820391163,test
0.1082349243402269,0.891765075659773,1.8401795508289382,test
0.9530348360697191,0.04696516393028094,0.0018294433305890874,test
0.10692771424712438,0.8930722857528757,2.9045084991282013,test
0.22129291729810593,0.778707082701894,2.2966574052047077,test
0.17256843230452384,0.8274315676954762,2.691087037341391,test
0.32253593332195646,0.6774640666780436,1.3595152037536609,test
0.9035503640045338,0.09644963599546619,1.0249345426655225,test
0.21024787000673362,0.7897521299932664,1.6934658029245697,test
0.4393579249884942,0.5606420750115058,0.18151032951277174,test
