theta,m,t,delta,set
3.3452248382484875,3,0.384085824975571,1.0,train
0.9814239699997196,0,1.7450395848102433,0.0,train
2.264014327112209,1,1.1838496530621487,1.0,train
0.10818510677891968,0,3.4568533572413456,0.0,train
5.0710678118654755,6,0.13945898653928268,1.0,train
0.9814239699997196,1,1.4664286419309667,1.0,train
2.264014327112209,0,2.9973685522613387,0.0,train
0.9814239699997196,0,5.252851108044008,0.0,train
0.9814239699997196,3,0.012817474478129753,0.0,train
0.10818510677891968,0,5.624240174771899,0.0,train
3.3452248382484875,3,0.6408320385348435,1.0,train
0.10818510677891968,0,5.574744483284759,0.0,train
5.0710678118654755,6,0.20914575704938887,1.0,train
0.9814239699997196,0,5.863222363079341,0.0,train
5.0710678118654755,11,0.04062329599243547,1.0,train
0.10818510677891968,0,5.557995717616739,0.0,train
5.0710678118654755,1,0.5529199399518921,1.0,train
5.0710678118654755,4,0.10176710979723566,1.0,train
0.10818510677891968,0,5.1034376036297715,0.0,train
2.264014327112209,12,0.08001293336529791,1.0,train
3.3452248382484875,6,0.14624957426492555,1.0,train
2.264014327112209,1,0.3786437098310709,0.0,train
3.3452248382484875,8,0.14574755474810122,1.0,train
5.0710678118654755,7,0.11227679558162097,1.0,train
2.264014327112209,6,0.03542106330299937,1.0,train
0.10818510677891968,0,0.9029434934575014,0.0,train
0.9814239699997196,0,4.768920355159701,0.0,train
3.3452248382484875,2,0.024118848593851442,1.0,train
0.10818510677891968,0,3.235802741722549,0.0,train
5.0710678118654755,3,0.020123164454183662,1.0,train
3.3452248382484875,2,0.9507089800710209,1.0,train
0.9814239699997196,1,0.20185865339625708,1.0,train
0.9814239699997196,0,3.847006349049377,0.0,train
3.3452248382484875,3,1.104823105928824,1.0,train
0.10818510677891968,0,1.4136031306325614,0.0,train
0.9814239699997196,0,3.6160877524548893,0.0,train
5.0710678118654755,6,0.07693581121915544,1.0,train
0.10818510677891968,0,0.9076543327099018,0.0,train
2.264014327112209,3,0.015709323058017866,0.0,train
2.264014327112209,3,0.4885485295734366,1.0,train
2.264014327112209,0,1.6955584512987816,0.0,train
0.9814239699997196,1,0.2623040941061173,1.0,train
2.264014327112209,3,0.3802845201617242,1.0,train
0.10818510677891968,0,0.2577499444598308,0.0,train
2.264014327112209,1,1.3068486574688913,0.0,train
5.0710678118654755,8,0.038853416657811335,1.0,train
2.264014327112209,5,0.06644312690249873,1.0,train
3.3452248382484875,1,0.6613975974747469,1.0,train
2.264014327112209,9,0.03237088372699809,1.0,train
5.0710678118654755,15,0.008408361457924046,1.0,train
5.0710678118654755,3,0.008887352410974093,1.0,train
5.0710678118654755,11,0.04782919606025556,1.0,train
0.10818510677891968,0,1.2271799757092559,0.0,train
5.0710678118654755,1,1.0069829993947097,1.0,train
3.3452248382484875,2,1.2060579983972273,0.0,train
5.0710678118654755,10,0.48214296484857827,1.0,train
0.9814239699997196,0,2.4366965647501715,0.0,train
5.0710678118654755,2,0.4487017829658659,1.0,train
5.0710678118654755,13,0.048230511499520054,1.0,train
2.264014327112209,4,0.13366819214193357,1.0,train
0.10818510677891968,0,0.0690294941923082,0.0,train
5.0710678118654755,4,0.8047787457783169,1.0,train
2.264014327112209,1,1.5306145464485357,0.0,train
2.264014327112209,0,4.431716730713937,0.0,train
3.3452248382484875,1,1.498800481250096,0.0,train
5.0710678118654755,8,0.1239302147927607,1.0,train
5.0710678118654755,10,0.015111137329805577,1.0,train
5.0710678118654755,2,0.4855079016457649,1.0,train
5.0710678118654755,6,0.04411417296351659,1.0,train
0.10818510677891968,0,4.0490024038388475,0.0,train
0.9814239699997196,3,0.3252055599747404,1.0,train
3.3452248382484875,5,0.21616820949844734,1.0,train
5.0710678118654755,6,0.4182868838734036,1.0,train
3.3452248382484875,10,0.10093993066547666,1.0,train
2.264014327112209,2,1.1943703109016126,1.0,train
3.3452248382484875,4,0.0015700781127633433,1.0,train
0.10818510677891968,0,3.731899538903064,0.0,train
5.0710678118654755,1,1.18893303914073,1.0,train
0.9814239699997196,1,0.6653698608645873,1.0,train
2.264014327112209,2,0.3668792492477784,1.0,train
2.264014327112209,0,3.8108294933554534,0.0,train
3.3452248382484875,5,0.1912298949150282,1.0,train
5.0710678118654755,2,0.34977656868072327,1.0,train
0.10818510677891968,0,1.2602736834155621,0.0,train
2.264014327112209,5,0.7706693745236733,1.0,train
5.0710678118654755,4,0.304196958405057,1.0,train
0.10818510677891968,0,5.334717829936852,0.0,train
5.0710678118654755,5,0.2685556596353302,1.0,train
5.0710678118654755,6,0.042337665547452566,1.0,train
5.0710678118654755,0,4.652859872432248,0.0,train
5.0710678118654755,2,0.14334935398849633,1.0,train
2.264014327112209,0,5.108373766454267,0.0,train
0.10818510677891968,1,0.8518363251685184,1.0,train
0.10818510677891968,0,1.3144366506188296,0.0,train
2.264014327112209,0,0.40986659114583435,0.0,train
0.10818510677891968,0,0.1927390365228423,0.0,train
3.3452248382484875,0,0.357365559142899,0.0,train
0.9814239699997196,1,0.4517952193023107,1.0,train
0.9814239699997196,1,1.2644358243067009,1.0,train
5.0710678118654755,5,0.01440652219596468,1.0,train
2.264014327112209,3,0.09195234671385154,1.0,train
5.0710678118654755,3,0.14604639034237146,1.0,train
5.0710678118654755,0,2.748599599704188,0.0,train
0.10818510677891968,0,5.71406894907964,0.0,train
5.0710678118654755,11,0.0043142672054949085,1.0,train
5.0710678118654755,19,0.0049996985639760416,1.0,train
0.10818510677891968,0,3.6866290997669644,0.0,train
3.3452248382484875,3,0.1454994404541118,1.0,train
0.9814239699997196,0,1.2047812472030353,0.0,train
5.0710678118654755,5,0.04453359068716909,1.0,train
3.3452248382484875,1,1.6798563360940337,1.0,train
0.9814239699997196,0,4.822841705617776,0.0,train
0.9814239699997196,0,3.4743291733773543,0.0,train
3.3452248382484875,3,0.034153307702131555,1.0,train
0.10818510677891968,0,2.000524841220356,0.0,train
3.3452248382484875,8,0.35000300049017063,1.0,train
3.3452248382484875,6,0.207489100592901,1.0,train
0.10818510677891968,0,4.149806084214454,0.0,train
0.9814239699997196,1,0.3288123567867531,1.0,train
5.0710678118654755,5,0.05522521703758719,1.0,train
0.10818510677891968,1,0.22946073319316587,1.0,train
0.9814239699997196,1,1.6909878607616335,1.0,train
0.10818510677891968,0,5.16981383999748,0.0,train
0.10818510677891968,0,4.654916694582496,0.0,train
0.10818510677891968,0,1.2961212651015008,0.0,train
0.9814239699997196,0,2.556223880637413,0.0,train
0.10818510677891968,0,0.9015907090856594,0.0,train
3.3452248382484875,1,0.36502619043330764,1.0,train
2.264014327112209,1,0.8374970774482636,1.0,train
5.0710678118654755,8,0.09403820394582964,1.0,train
0.9814239699997196,1,0.7593361446954721,1.0,train
0.9814239699997196,1,0.14907706223127973,1.0,train
5.0710678118654755,3,1.3935697421462154,1.0,train
5.0710678118654755,3,0.07654060990633592,1.0,train
2.264014327112209,2,1.0756647297295632,1.0,train
2.264014327112209,4,0.28111700647532756,1.0,train
5.0710678118654755,7,0.0032718943468959282,1.0,train
0.10818510677891968,0,0.36211333796515444,0.0,train
5.0710678118654755,4,0.41250237967785836,1.0,train
0.10818510677891968,0,1.770135307539788,0.0,train
0.9814239699997196,0,2.1066583047820675,0.0,train
0.9814239699997196,2,0.017337397250736644,1.0,train
0.9814239699997196,4,0.2962466308579161,1.0,train
3.3452248382484875,4,0.32554133848313177,1.0,train
5.0710678118654755,2,0.2605555578517257,1.0,train
3.3452248382484875,5,0.008920705399262152,0.0,train
0.10818510677891968,0,4.5049327578992,0.0,train
3.3452248382484875,9,0.03349725020321028,1.0,train
0.9814239699997196,3,0.05423182795884367,1.0,train
0.10818510677891968,0,3.3582474945135923,0.0,train
0.9814239699997196,0,4.1121824378106915,0.0,train
3.3452248382484875,2,0.7161718472667924,1.0,train
3.3452248382484875,0,5.003445367235621,0.0,train
2.264014327112209,0,0.11547485215308373,0.0,train
3.3452248382484875,3,0.317269671709572,1.0,train
5.0710678118654755,5,0.3887148149640488,1.0,train
3.3452248382484875,4,0.06976032204329663,1.0,train
0.9814239699997196,2,0.21779575278025645,1.0,train
5.0710678118654755,0,3.438695358150677,0.0,train
5.0710678118654755,10,0.015035908924845144,1.0,train
5.0710678118654755,10,0.08007907157960927,1.0,train
2.264014327112209,1,1.1026023343865812,1.0,train
3.3452248382484875,2,0.10507153887240211,1.0,train
2.264014327112209,3,0.2458648220013145,1.0,train
0.9814239699997196,0,3.0620483248876704,0.0,train
0.10818510677891968,0,5.794687153888001,0.0,train
2.264014327112209,0,3.6819646243775415,0.0,train
0.9814239699997196,2,0.09246410091242793,1.0,train
0.9814239699997196,2,0.4814634622276229,1.0,train
0.10818510677891968,1,0.47979932032311606,1.0,train
2.264014327112209,2,0.5163745105306848,1.0,train
3.3452248382484875,3,0.18841365964942317,1.0,train
5.0710678118654755,1,0.0192556369377367,1.0,train
3.3452248382484875,0,3.682433287192331,0.0,train
0.10818510677891968,0,0.8559232673337214,0.0,train
3.3452248382484875,5,0.14419191949637894,1.0,train
0.10818510677891968,0,5.038078520214065,0.0,train
0.10818510677891968,0,1.3236513171155284,0.0,train
5.0710678118654755,1,0.5416739560514555,1.0,train
3.3452248382484875,2,0.28997800405908736,1.0,train
2.264014327112209,4,0.1381474726530821,1.0,train
2.264014327112209,2,1.3085082544149977,1.0,train
5.0710678118654755,3,0.17483308128256803,1.0,train
0.10818510677891968,0,4.464426997861402,0.0,train
3.3452248382484875,2,0.10003506303180798,1.0,train
0.10818510677891968,0,1.0332747314520414,0.0,train
3.3452248382484875,6,0.019620644178903423,1.0,train
0.10818510677891968,0,3.4196125826024906,0.0,train
2.264014327112209,4,0.4687764318802017,1.0,train
3.3452248382484875,1,0.5318957604860759,1.0,train
5.0710678118654755,4,0.20685135437976862,1.0,train
5.0710678118654755,2,0.34923742343266073,1.0,train
0.9814239699997196,1,0.7890203209062876,1.0,train
0.10818510677891968,0,2.4980754315809843,0.0,train
0.9814239699997196,0,0.01996331286773967,0.0,train
2.264014327112209,3,0.010184551873915832,1.0,train
0.10818510677891968,0,2.7461123978567206,0.0,train
0.9814239699997196,3,0.46072773053163246,1.0,train
0.10818510677891968,0,2.2665308012959167,0.0,train
5.0710678118654755,0,0.2960083577052912,0.0,train
3.3452248382484875,14,0.015471063251648057,1.0,train
3.3452248382484875,2,0.04532156672595011,0.0,train
0.10818510677891968,0,0.7533899108777706,0.0,train
2.264014327112209,5,0.05000605841560356,1.0,train
2.264014327112209,2,0.0380717097962593,1.0,train
3.3452248382484875,5,0.08770470710730963,1.0,train
3.3452248382484875,3,0.2923132940983009,1.0,train
3.3452248382484875,3,0.11771482313531874,1.0,train
3.3452248382484875,1,1.6949382505467607,1.0,train
0.10818510677891968,0,4.108219234995541,0.0,train
5.0710678118654755,1,0.8864462389022998,1.0,train
2.264014327112209,3,0.12770136131460225,1.0,train
0.10818510677891968,0,1.2388378546966055,0.0,train
0.10818510677891968,0,4.996615423659373,0.0,train
0.10818510677891968,0,5.822306569741613,0.0,train
2.264014327112209,1,0.2734627260679876,0.0,train
3.3452248382484875,0,4.219897371973343,0.0,train
2.264014327112209,2,0.20916405690736592,1.0,train
3.3452248382484875,7,0.00784271215401379,1.0,train
2.264014327112209,0,4.169987741663258,0.0,train
0.9814239699997196,2,0.34053267889892636,1.0,train
0.10818510677891968,0,1.4002311589225531,0.0,train
0.9814239699997196,0,0.525332251333344,0.0,train
5.0710678118654755,10,0.015388054715616809,1.0,train
2.264014327112209,3,0.6776286622923333,1.0,train
5.0710678118654755,1,0.04556356299361228,1.0,train
3.3452248382484875,1,0.8000323590708006,1.0,train
0.9814239699997196,3,0.14712046126556433,0.0,train
5.0710678118654755,5,0.08357706609204817,1.0,train
0.10818510677891968,0,3.2827370583204107,0.0,train
5.0710678118654755,4,0.32900682246193086,1.0,train
0.10818510677891968,0,1.4767974087072975,0.0,train
0.10818510677891968,0,1.877840906527878,0.0,train
0.10818510677891968,0,1.1104832115836358,0.0,train
2.264014327112209,0,0.853655845513289,0.0,train
2.264014327112209,2,0.021420564163499745,1.0,train
2.264014327112209,0,4.486742189225871,0.0,train
0.10818510677891968,0,5.6209507968315675,0.0,train
2.264014327112209,1,2.5654184828764435,1.0,train
5.0710678118654755,2,0.16100243599648065,1.0,train
3.3452248382484875,2,0.2603426035532083,1.0,train
0.10818510677891968,0,2.3871366542258095,0.0,train
3.3452248382484875,4,0.2599497571202326,1.0,train
3.3452248382484875,2,0.2785225246613123,1.0,train
0.9814239699997196,3,0.0203661277546733,1.0,train
2.264014327112209,2,0.1291458531846788,1.0,train
3.3452248382484875,2,0.3897932076632866,1.0,train
2.264014327112209,0,4.395894878507044,0.0,train
5.0710678118654755,4,0.15059418204313196,1.0,train
3.3452248382484875,2,0.8918125493918608,1.0,train
0.10818510677891968,0,5.28164838861347,0.0,train
0.9814239699997196,3,0.6254385759032898,1.0,train
3.3452248382484875,0,5.0774194246135504,0.0,train
0.10818510677891968,1,0.1847830535352061,1.0,train
2.264014327112209,5,0.21604958479188993,1.0,train
0.10818510677891968,1,0.11197781974817704,1.0,train
2.264014327112209,1,0.2907168392024324,0.0,train
0.9814239699997196,3,0.44548430032645875,1.0,train
3.3452248382484875,0,1.2640619099233812,0.0,train
2.264014327112209,1,1.0483512757075586,1.0,train
0.10818510677891968,0,1.1598102336027127,0.0,train
3.3452248382484875,6,0.013646697581152216,1.0,train
3.3452248382484875,1,0.691193249836854,0.0,train
5.0710678118654755,4,0.1633393044659917,1.0,train
2.264014327112209,6,0.13869950176630114,1.0,train
5.0710678118654755,2,0.29276399406795184,1.0,train
0.9814239699997196,1,0.06290462098584412,1.0,train
0.10818510677891968,0,0.8390782372710226,0.0,train
5.0710678118654755,5,0.18958323350208175,1.0,train
5.0710678118654755,5,0.10654265138837406,1.0,train
0.9814239699997196,1,1.7431585125977762,0.0,train
2.264014327112209,4,0.07037542512047076,1.0,train
0.9814239699997196,1,0.409381864579595,1.0,train
0.9814239699997196,0,1.0628170963695909,0.0,train
0.9814239699997196,1,0.7072278272668502,0.0,train
3.3452248382484875,6,0.6215656503227895,1.0,train
0.9814239699997196,2,0.37778016978372075,1.0,train
2.264014327112209,3,0.16602201616586065,1.0,train
0.10818510677891968,0,4.8007784138260785,0.0,train
5.0710678118654755,2,0.5194515796072489,1.0,train
5.0710678118654755,4,0.0953998330027331,1.0,train
3.3452248382484875,1,0.18887338526401876,0.0,train
5.0710678118654755,0,4.655483507653253,0.0,train
5.0710678118654755,3,0.31348925648847836,0.0,train
5.0710678118654755,2,1.216955514032957,0.0,train
0.10818510677891968,1,1.765267707395833,1.0,train
2.264014327112209,1,0.14212640254360376,0.0,train
2.264014327112209,2,0.2566043426199784,1.0,train
2.264014327112209,0,2.591328104569228,0.0,train
3.3452248382484875,7,0.1451672777000444,1.0,train
5.0710678118654755,3,1.170338720072192,1.0,train
5.0710678118654755,7,0.05567852557040368,1.0,train
2.264014327112209,1,0.1429406405639279,1.0,train
3.3452248382484875,10,0.08915380878840005,1.0,train
5.0710678118654755,4,0.24522548709093334,1.0,train
3.3452248382484875,3,0.8576443500671602,1.0,train
3.3452248382484875,2,0.760939028806671,1.0,train
3.3452248382484875,4,0.026329695107348797,1.0,train
5.0710678118654755,9,0.02684261161600732,1.0,train
0.9814239699997196,5,0.005136322238457058,0.0,train
3.3452248382484875,8,0.05542799906359963,1.0,train
3.3452248382484875,3,0.23885003837982588,1.0,train
0.10818510677891968,0,4.844608713000404,0.0,train
0.10818510677891968,0,4.308512873983119,0.0,train
3.3452248382484875,3,0.6722779582196604,1.0,train
5.0710678118654755,4,0.33743362213880196,1.0,train
0.10818510677891968,0,0.8359401895189333,0.0,train
3.3452248382484875,2,1.4728045787666557,1.0,train
5.0710678118654755,1,0.1749550479408249,1.0,train
2.264014327112209,0,3.047729249213376,0.0,train
0.9814239699997196,0,0.229907790437216,0.0,train
3.3452248382484875,2,1.6497388602655472,1.0,train
5.0710678118654755,5,0.22391841669114113,1.0,train
3.3452248382484875,0,5.0647166000918835,0.0,train
5.0710678118654755,4,0.0735347309572817,1.0,train
2.264014327112209,1,4.908975023805693,1.0,train
0.10818510677891968,0,1.4370495317739853,0.0,train
0.10818510677891968,0,4.336663901928814,0.0,train
2.264014327112209,0,5.395054145354814,0.0,train
0.10818510677891968,0,4.7518236548366355,0.0,train
2.264014327112209,7,0.05793006629702682,1.0,train
0.9814239699997196,3,0.0658893616041403,1.0,train
5.0710678118654755,2,0.22042092328541732,1.0,train
0.9814239699997196,2,0.37684727224323783,1.0,train
2.264014327112209,0,2.2081966466134384,0.0,train
0.10818510677891968,0,2.9137496687575677,0.0,train
3.3452248382484875,3,0.08500619790417759,1.0,train
2.264014327112209,3,0.5946204599331295,0.0,train
0.9814239699997196,0,1.542694025877951,0.0,train
3.3452248382484875,4,0.5505530072416571,1.0,train
3.3452248382484875,3,0.22494006160330893,1.0,train
5.0710678118654755,6,0.3240075861607202,1.0,train
5.0710678118654755,9,0.015355334892793547,1.0,train
0.10818510677891968,0,1.3323279329206603,0.0,train
3.3452248382484875,5,0.5719256904002171,1.0,train
2.264014327112209,7,0.30605711921062867,1.0,train
2.264014327112209,1,0.6519679013612592,1.0,train
0.10818510677891968,0,5.863761998733839,0.0,train
0.10818510677891968,0,4.33385471481774,0.0,train
0.9814239699997196,2,1.246696782379892,1.0,train
2.264014327112209,1,1.026674820097947,1.0,train
5.0710678118654755,7,0.11069787704154879,1.0,train
3.3452248382484875,0,2.180104119832016,0.0,train
3.3452248382484875,5,0.2552050864916482,1.0,train
2.264014327112209,1,0.3616427770085518,1.0,train
0.9814239699997196,1,1.7002153250272418,1.0,train
2.264014327112209,4,0.11461991690591512,1.0,train
0.9814239699997196,0,4.690594480642206,0.0,train
0.9814239699997196,3,0.0711408723372914,1.0,train
0.10818510677891968,0,0.734171377717014,0.0,train
0.10818510677891968,0,0.08327976085905298,0.0,train
3.3452248382484875,1,1.0832420002209033,1.0,train
5.0710678118654755,0,2.4662017805027485,0.0,train
5.0710678118654755,14,0.06586867863452467,1.0,train
5.0710678118654755,4,0.04295038509029002,1.0,train
3.3452248382484875,2,0.3105020283820699,1.0,train
0.9814239699997196,0,3.1092923302579845,0.0,train
0.10818510677891968,0,4.881151050796387,0.0,train
0.9814239699997196,1,0.07708972612646446,1.0,train
0.10818510677891968,0,5.527962229114813,0.0,train
5.0710678118654755,24,0.0072665509586655455,1.0,train
0.9814239699997196,0,2.569828743350089,0.0,train
0.10818510677891968,1,1.1751736104572545,1.0,train
0.10818510677891968,0,5.212049281207972,0.0,train
5.0710678118654755,17,0.02778852486653178,1.0,train
3.3452248382484875,3,0.12009395526444809,1.0,train
5.0710678118654755,10,0.019521969164471423,1.0,train
0.9814239699997196,0,4.747793761386441,0.0,train
0.10818510677891968,0,1.8331401681760033,0.0,train
0.9814239699997196,1,0.7639507985755295,1.0,train
5.0710678118654755,9,0.08710855855357336,1.0,train
5.0710678118654755,3,0.31573871077737947,1.0,train
0.9814239699997196,0,3.7673379704485193,0.0,train
0.10818510677891968,0,0.0012805820710151128,0.0,train
2.264014327112209,4,0.11596493293567064,1.0,train
5.0710678118654755,6,0.19723827972212266,1.0,train
0.10818510677891968,1,2.379569533619194,0.0,train
0.10818510677891968,1,1.1098904289685663,1.0,train
5.0710678118654755,11,0.0769324120206769,1.0,train
3.3452248382484875,2,0.927296811093655,1.0,train
5.0710678118654755,7,0.2426751575120881,1.0,train
0.10818510677891968,1,0.5785359797153031,1.0,train
3.3452248382484875,2,0.22161500217169514,1.0,train
2.264014327112209,1,4.276303391511959,1.0,train
2.264014327112209,2,0.42548778549011085,1.0,train
2.264014327112209,1,1.6810221285948166,1.0,train
5.0710678118654755,5,0.14041069107224616,1.0,train
3.3452248382484875,14,0.09796335913729246,1.0,train
0.9814239699997196,1,0.8528849904415251,1.0,train
3.3452248382484875,2,0.6445659328728417,0.0,train
0.9814239699997196,2,0.5700672086620052,1.0,train
2.264014327112209,1,2.5641660505308064,0.0,train
2.264014327112209,4,0.6711843328651904,1.0,train
0.9814239699997196,1,1.5918125759067692,0.0,train
3.3452248382484875,4,0.049999594574098534,1.0,train
0.9814239699997196,3,0.0683716829660609,1.0,train
0.10818510677891968,0,4.434377310842764,0.0,train
5.0710678118654755,5,0.142177056206857,1.0,train
2.264014327112209,1,0.959525172869651,1.0,train
2.264014327112209,0,3.6770957319367352,0.0,train
0.10818510677891968,0,1.784816559267611,0.0,train
2.264014327112209,2,0.04994559302903626,1.0,train
5.0710678118654755,1,0.7019770894135551,1.0,train
5.0710678118654755,14,0.09932326473394146,1.0,train
3.3452248382484875,8,0.13985942367485749,1.0,train
2.264014327112209,2,0.0013968763050293588,1.0,train
2.264014327112209,0,0.8333112982835855,0.0,train
5.0710678118654755,3,0.37842545476608497,1.0,train
0.10818510677891968,0,0.3796643295054114,0.0,train
0.9814239699997196,1,0.5164861915658989,0.0,train
0.10818510677891968,0,5.819179825046783,0.0,train
5.0710678118654755,15,0.008622402631063952,0.0,train
5.0710678118654755,10,0.3140536279018077,1.0,train
3.3452248382484875,1,1.0250901766379075,1.0,train
5.0710678118654755,2,0.07326675782169627,1.0,train
2.264014327112209,4,0.17185897633076366,1.0,train
2.264014327112209,4,0.2325631177408831,1.0,train
0.10818510677891968,0,5.676536672938199,0.0,train
2.264014327112209,3,0.2058171285395285,1.0,train
3.3452248382484875,9,0.0005049183958447141,1.0,train
0.9814239699997196,0,4.225756795804111,0.0,train
0.9814239699997196,0,2.246900345465095,0.0,train
0.9814239699997196,1,0.26754577780230354,1.0,train
0.9814239699997196,1,1.4828016658518752,1.0,train
2.264014327112209,2,0.6175098600858953,1.0,train
0.9814239699997196,0,2.039433525777111,0.0,train
2.264014327112209,2,0.4717430995226937,1.0,train
3.3452248382484875,15,0.04792684297333448,1.0,train
0.9814239699997196,1,0.7906551457538921,1.0,train
3.3452248382484875,5,0.4442876592790419,1.0,train
0.10818510677891968,0,4.01660262752106,0.0,train
0.9814239699997196,0,0.7516035677346355,0.0,train
0.10818510677891968,0,3.1721631584237553,0.0,train
0.10818510677891968,0,5.63743500426373,0.0,train
5.0710678118654755,1,0.11403464707201429,1.0,train
3.3452248382484875,2,0.19102692999118379,1.0,train
2.264014327112209,1,1.533066469047544,1.0,train
5.0710678118654755,3,0.5159488803878559,1.0,train
0.9814239699997196,0,0.8162179393866802,0.0,train
2.264014327112209,2,0.05118028722801879,1.0,train
2.264014327112209,6,0.06984836030488367,1.0,train
0.9814239699997196,3,0.525345646785765,1.0,train
5.0710678118654755,0,4.659447085425863,0.0,train
0.9814239699997196,0,5.43258345320527,0.0,train
5.0710678118654755,7,0.19042568862839016,0.0,train
0.10818510677891968,0,3.451131929001429,0.0,train
0.9814239699997196,2,1.9406813898201523,1.0,train
3.3452248382484875,4,0.04852305199280643,1.0,train
3.3452248382484875,8,0.2786446569649896,1.0,train
0.10818510677891968,1,0.8278944143986725,1.0,train
5.0710678118654755,9,0.05214932513072774,1.0,train
5.0710678118654755,5,0.1503581615648851,1.0,train
3.3452248382484875,7,0.10227241331878846,1.0,train
3.3452248382484875,2,0.11472684181870771,1.0,train
3.3452248382484875,1,0.6000882184340146,1.0,train
5.0710678118654755,9,0.006409976019116607,1.0,train
3.3452248382484875,4,0.11116930601696731,1.0,train
0.10818510677891968,0,3.4667455691223674,0.0,train
0.10818510677891968,0,0.5408992843267937,0.0,train
0.10818510677891968,0,1.8874122928663635,0.0,train
3.3452248382484875,2,0.008508830842643984,1.0,train
2.264014327112209,0,0.495452124666681,0.0,train
3.3452248382484875,3,0.10686651873918732,1.0,train
0.9814239699997196,0,2.8577017335624975,0.0,train
3.3452248382484875,3,0.08795001293244056,1.0,train
2.264014327112209,2,0.7047557496345994,1.0,train
2.264014327112209,6,0.1255923866738929,1.0,train
2.264014327112209,3,0.25533757758706105,1.0,train
5.0710678118654755,18,0.021162707790338953,1.0,train
0.10818510677891968,0,3.322815812147603,0.0,train
0.9814239699997196,2,0.23090276538078303,1.0,train
5.0710678118654755,12,0.06757915062864839,1.0,train
2.264014327112209,2,0.03799020243237431,1.0,train
5.0710678118654755,3,0.2603388727518899,1.0,train
2.264014327112209,4,0.6766237313078789,1.0,train
5.0710678118654755,0,5.331660025789848,0.0,train
0.10818510677891968,0,3.4195371763472986,0.0,train
0.9814239699997196,0,5.210111251106263,0.0,train
0.9814239699997196,1,1.0741155526999817,1.0,train
0.10818510677891968,0,5.5742905538821415,0.0,train
2.264014327112209,2,0.25356398217770876,1.0,train
3.3452248382484875,2,0.403913896054825,1.0,train
5.0710678118654755,8,0.3990642969488819,1.0,train
0.9814239699997196,0,0.9755128496549046,0.0,train
0.10818510677891968,0,3.7858478370601567,0.0,train
5.0710678118654755,4,0.028866462903023363,1.0,train
0.10818510677891968,0,2.2586504264813017,0.0,train
3.3452248382484875,6,0.30087699909373605,1.0,train
3.3452248382484875,5,0.5966443271384055,1.0,train
0.10818510677891968,0,5.145761745196724,0.0,train
3.3452248382484875,0,5.9035856538075455,0.0,train
2.264014327112209,4,0.12469779544473394,1.0,train
2.264014327112209,2,0.4725983559065518,1.0,train
3.3452248382484875,6,0.10293093736131519,1.0,train
2.264014327112209,3,0.5582516801620102,1.0,train
0.10818510677891968,0,5.896467871932591,0.0,train
5.0710678118654755,4,0.25476198580448284,1.0,train
2.264014327112209,2,0.49569070580460606,1.0,train
2.264014327112209,5,0.004332531128219408,0.0,train
3.3452248382484875,6,0.004938993685683928,1.0,train
2.264014327112209,0,1.5081818338265456,0.0,train
3.3452248382484875,11,0.008345336646623692,1.0,train
3.3452248382484875,7,0.18413285827092857,1.0,train
2.264014327112209,3,0.4226891095788606,1.0,train
5.0710678118654755,4,0.09052441850303317,1.0,train
5.0710678118654755,1,0.972864387213938,0.0,train
3.3452248382484875,5,0.10045520035740996,0.0,train
2.264014327112209,2,0.017642186425434178,1.0,train
2.264014327112209,0,1.5990612721315822,0.0,train
3.3452248382484875,0,0.17890645448014664,0.0,train
0.9814239699997196,0,1.330764759955217,0.0,train
5.0710678118654755,6,0.17842763206998272,1.0,train
3.3452248382484875,0,3.2522899966773653,0.0,train
0.10818510677891968,1,0.12806353468732445,0.0,train
5.0710678118654755,1,0.030556172209131104,1.0,train
5.0710678118654755,9,0.13281904978270911,1.0,train
3.3452248382484875,7,0.029777698918008792,1.0,train
0.9814239699997196,0,2.3805900177762185,0.0,train
3.3452248382484875,12,0.03344698105353867,1.0,train
5.0710678118654755,0,2.428208662099367,0.0,train
2.264014327112209,2,0.3654825076648678,1.0,train
0.10818510677891968,0,0.4453224362570811,0.0,train
3.3452248382484875,2,0.4035415102105865,1.0,train
0.9814239699997196,0,1.4557973416477092,0.0,train
5.0710678118654755,4,0.102779912185669,1.0,train
0.9814239699997196,2,0.7484015678538637,1.0,train
5.0710678118654755,2,0.700675031225686,0.0,train
3.3452248382484875,4,0.32288919490027834,1.0,train
0.9814239699997196,3,0.11826089882988973,1.0,train
3.3452248382484875,5,0.15398828262109351,1.0,train
0.9814239699997196,0,2.5372953421400766,0.0,train
2.264014327112209,2,0.29181465082923147,1.0,train
5.0710678118654755,4,0.06723091114782148,1.0,train
3.3452248382484875,6,0.3824128636850379,1.0,train
5.0710678118654755,3,1.692241266709191,1.0,train
2.264014327112209,0,2.6277738710016827,0.0,train
2.264014327112209,1,2.8988747964997517,0.0,train
2.264014327112209,2,0.48066569473118026,1.0,train
2.264014327112209,2,0.7827372061290031,1.0,train
0.10818510677891968,0,3.089428480360624,0.0,train
0.9814239699997196,1,0.6983386974323996,1.0,train
2.264014327112209,4,0.1258273026596619,0.0,train
3.3452248382484875,4,0.18947743493512717,1.0,train
5.0710678118654755,1,0.8034923560091152,0.0,train
5.0710678118654755,2,0.16043890781766415,1.0,train
3.3452248382484875,1,0.256970785861287,1.0,train
0.9814239699997196,1,0.44319524413592515,1.0,train
2.264014327112209,0,2.802943229146207,0.0,train
0.10818510677891968,0,2.612604155023832,0.0,train
2.264014327112209,5,0.14378468288158897,1.0,train
2.264014327112209,0,2.2083181265999334,0.0,train
2.264014327112209,0,4.267801204839424,0.0,train
0.9814239699997196,1,0.6645919355538126,1.0,train
2.264014327112209,0,3.972145456663391,0.0,train
3.3452248382484875,4,0.11206795424793219,1.0,train
5.0710678118654755,1,1.2043230765597497,1.0,train
0.10818510677891968,0,4.13760075292938,0.0,train
3.3452248382484875,0,1.2883739770291445,0.0,train
5.0710678118654755,3,0.36436207838784834,1.0,train
5.0710678118654755,2,0.1522984105619738,1.0,train
0.10818510677891968,0,0.23158533264379622,0.0,train
3.3452248382484875,6,0.10777334601922393,1.0,train
5.0710678118654755,11,0.055122079275228074,1.0,train
2.264014327112209,4,0.1270011247948548,1.0,train
0.9814239699997196,2,0.5411679510467194,1.0,train
3.3452248382484875,5,0.37222961047231684,1.0,train
2.264014327112209,0,3.076476111099703,0.0,train
2.264014327112209,2,1.2573951575978468,1.0,train
2.264014327112209,3,0.6003010041331835,1.0,train
0.10818510677891968,0,4.4788829985165,0.0,train
5.0710678118654755,17,0.022355443235351838,1.0,train
0.9814239699997196,3,0.4044539034139111,1.0,train
5.0710678118654755,13,0.008749224040340873,1.0,train
0.10818510677891968,0,5.276847973386517,0.0,train
5.0710678118654755,2,0.9231215658658546,1.0,train
0.9814239699997196,2,0.5820299274842068,1.0,train
2.264014327112209,1,0.5395470606604118,0.0,train
0.9814239699997196,0,1.448432716776583,0.0,train
0.10818510677891968,0,1.377323088115178,0.0,train
0.10818510677891968,0,1.574368688554907,0.0,train
0.10818510677891968,0,5.927210999391489,0.0,train
3.3452248382484875,3,0.16517241861492651,1.0,train
5.0710678118654755,10,0.09895315923729031,1.0,train
3.3452248382484875,10,0.005476217773590056,1.0,train
0.10818510677891968,1,0.03459948863677043,1.0,train
0.10818510677891968,0,4.1366845602203615,0.0,train
0.9814239699997196,3,0.7239787401098061,1.0,train
0.9814239699997196,1,1.2413649574154075,1.0,train
3.3452248382484875,8,0.1435622873146307,1.0,train
0.10818510677891968,1,1.5437230167186942,1.0,train
0.9814239699997196,5,0.023589443035164068,1.0,train
0.10818510677891968,0,0.3300644731891291,0.0,train
0.10818510677891968,0,4.880465286213853,0.0,train
0.9814239699997196,1,0.4074915614429691,1.0,train
2.264014327112209,1,0.04391284978167554,1.0,train
0.9814239699997196,1,0.7615720711868619,1.0,train
3.3452248382484875,1,0.19962126586390316,0.0,train
0.10818510677891968,0,2.6017003782900265,0.0,train
0.10818510677891968,0,3.133761270526806,0.0,train
3.3452248382484875,2,0.23572792861895125,1.0,train
3.3452248382484875,7,0.00041499263443986093,1.0,train
2.264014327112209,7,0.0854982579834842,0.0,train
3.3452248382484875,1,0.2837153274995124,1.0,train
0.9814239699997196,5,0.4575369326273928,1.0,train
3.3452248382484875,4,0.08571126154927794,1.0,train
3.3452248382484875,1,0.17594466283675628,1.0,train
0.9814239699997196,3,0.28370852900213095,1.0,train
3.3452248382484875,5,0.06495924132019461,1.0,train
5.0710678118654755,2,0.44786975408664165,1.0,train
5.0710678118654755,2,0.3258423159028562,1.0,train
3.3452248382484875,5,0.19327179582371204,1.0,train
2.264014327112209,5,0.06027438317037388,1.0,train
0.9814239699997196,0,1.0774061449292494,0.0,train
0.9814239699997196,0,1.7538462897840406,0.0,train
3.3452248382484875,3,0.12676420363051896,1.0,train
3.3452248382484875,5,0.23919901106335106,1.0,train
5.0710678118654755,4,0.376203245154533,1.0,train
0.9814239699997196,0,3.4554918840442723,0.0,train
0.10818510677891968,1,0.9448895451198592,1.0,train
5.0710678118654755,3,0.6102244516088683,1.0,train
0.10818510677891968,0,4.402472499880489,0.0,train
2.264014327112209,1,0.47379965863626167,1.0,train
3.3452248382484875,0,3.6133833704258667,0.0,train
0.10818510677891968,0,0.9485973086655788,0.0,train
5.0710678118654755,0,0.5382535721501653,0.0,train
2.264014327112209,3,0.8795122391264636,1.0,train
0.10818510677891968,0,4.267997153518243,0.0,train
0.9814239699997196,0,4.736696454625324,0.0,train
2.264014327112209,2,0.349074119769345,1.0,train
2.264014327112209,0,1.8539132992703147,0.0,train
5.0710678118654755,16,0.08305987170138361,1.0,train
5.0710678118654755,2,0.40983315872629944,1.0,train
0.10818510677891968,0,1.823521053493712,0.0,train
5.0710678118654755,2,0.17630772492868374,1.0,train
2.264014327112209,2,0.14056659404354585,1.0,train
5.0710678118654755,11,0.038897585780713895,1.0,train
2.264014327112209,5,0.027586974956185274,1.0,train
2.264014327112209,2,0.016796127042217526,1.0,train
3.3452248382484875,3,0.15920491926232408,1.0,train
0.9814239699997196,3,0.5465440759487753,1.0,train
0.10818510677891968,0,0.6403885169161949,0.0,train
3.3452248382484875,4,0.02587144369425861,1.0,train
5.0710678118654755,4,0.8655981351380275,1.0,train
0.10818510677891968,0,3.0993915449381175,0.0,train
5.0710678118654755,2,0.5267502202195797,1.0,train
3.3452248382484875,3,0.7470492869023811,1.0,train
5.0710678118654755,6,0.3312836084905783,1.0,train
5.0710678118654755,4,0.01804203452779185,0.0,train
0.9814239699997196,1,0.18617452165105136,1.0,train
5.0710678118654755,3,0.259149420468954,1.0,train
0.10818510677891968,0,2.4857601779351084,0.0,train
3.3452248382484875,10,0.09222653847332592,1.0,train
0.9814239699997196,0,3.9476558590987336,0.0,train
2.264014327112209,5,0.29891319276988204,1.0,train
2.264014327112209,3,1.1489467845054382,1.0,train
0.9814239699997196,0,0.2650603928540185,0.0,train
2.264014327112209,1,0.7114599884114732,0.0,train
0.9814239699997196,0,1.0750707819227199,0.0,train
0.10818510677891968,0,0.17214696726672019,0.0,train
0.9814239699997196,0,1.5157572434254,0.0,train
0.10818510677891968,0,0.6924273590230601,0.0,train
2.264014327112209,0,1.4350222179770207,0.0,train
3.3452248382484875,8,0.057077029435556634,1.0,train
2.264014327112209,1,0.8213886189509962,1.0,train
3.3452248382484875,1,0.8442198942283137,1.0,train
0.9814239699997196,0,3.6967652898288224,0.0,train
3.3452248382484875,2,0.24637616463647266,1.0,train
5.0710678118654755,16,0.06134066730323953,1.0,train
0.10818510677891968,0,4.755935745398495,0.0,train
5.0710678118654755,5,0.03984974980976457,1.0,train
2.264014327112209,0,3.049683164630552,0.0,train
2.264014327112209,6,0.010876727405450738,1.0,train
0.10818510677891968,0,3.2592916847896527,0.0,train
0.9814239699997196,0,2.665698232983872,0.0,train
5.0710678118654755,4,0.17344623843335075,1.0,train
0.9814239699997196,1,0.08559730918628594,1.0,train
3.3452248382484875,3,0.3551890744052538,1.0,train
5.0710678118654755,4,0.3900560961056431,1.0,train
3.3452248382484875,12,0.013027451344910707,1.0,train
0.9814239699997196,1,0.41824086787372133,1.0,train
0.10818510677891968,1,0.6471537455068886,1.0,train
2.264014327112209,1,0.6216212639845722,1.0,train
0.10818510677891968,0,0.4161618818557251,0.0,train
0.10818510677891968,0,0.7315937438218791,0.0,train
0.10818510677891968,0,2.200677539065725,0.0,train
0.9814239699997196,0,1.2466764944887418,0.0,train
5.0710678118654755,15,0.03830730561992667,1.0,train
5.0710678118654755,6,0.1890028824936861,1.0,train
2.264014327112209,3,0.40057905490900353,1.0,train
0.9814239699997196,0,1.8636134618690274,0.0,train
0.10818510677891968,0,2.6733458883605854,0.0,train
0.9814239699997196,1,0.44902978196813764,1.0,train
5.0710678118654755,6,0.07677615664246233,1.0,train
2.264014327112209,1,0.49791064374881566,1.0,train
0.9814239699997196,0,2.866858731407123,0.0,train
3.3452248382484875,4,0.13159843366774307,1.0,train
5.0710678118654755,5,0.014234434585093431,1.0,train
0.10818510677891968,0,1.0712989696293904,0.0,train
5.0710678118654755,24,0.010155695987778277,1.0,train
0.9814239699997196,2,0.7488039029749469,1.0,train
0.9814239699997196,2,0.2270046878878634,1.0,train
0.10818510677891968,0,5.285445633229331,0.0,train
2.264014327112209,0,0.17403836469444278,0.0,train
2.264014327112209,2,0.3066296579942887,1.0,train
0.10818510677891968,0,3.3238882775937126,0.0,train
0.10818510677891968,0,1.2421949849375638,0.0,train
0.10818510677891968,0,2.6296091208465366,0.0,train
3.3452248382484875,1,0.14898567303453242,1.0,train
0.10818510677891968,0,3.666103910013006,0.0,train
0.9814239699997196,0,3.765443865920373,0.0,train
2.264014327112209,5,0.0590467556748127,1.0,train
2.264014327112209,4,0.022892916606186354,1.0,train
0.9814239699997196,1,1.7482190408223326,1.0,train
2.264014327112209,4,0.6713600490750538,1.0,train
3.3452248382484875,5,0.06263326349337338,1.0,train
2.264014327112209,2,0.7577791885998295,1.0,train
0.10818510677891968,0,0.9288354149976414,0.0,train
0.9814239699997196,0,0.8665826030913255,0.0,train
2.264014327112209,3,0.47208213107609964,1.0,train
0.9814239699997196,0,2.5127771333421203,0.0,train
0.10818510677891968,0,4.356578681448165,0.0,train
0.10818510677891968,0,3.6142448266069467,0.0,train
0.9814239699997196,1,0.3252738023310322,1.0,train
0.10818510677891968,0,0.7653938821898105,0.0,train
0.9814239699997196,0,3.5102130221978163,0.0,train
0.10818510677891968,0,5.071851117038001,0.0,train
3.3452248382484875,0,4.455386553427069,0.0,train
0.10818510677891968,0,0.49092702769079666,0.0,train
2.264014327112209,5,0.1061616050022446,1.0,train
0.9814239699997196,1,0.687909027963174,1.0,train
2.264014327112209,1,3.5448182227031784,0.0,train
0.9814239699997196,1,0.9964434761422649,1.0,train
0.9814239699997196,1,0.10209145799837138,1.0,train
0.10818510677891968,0,1.0680768926647783,0.0,train
2.264014327112209,8,0.07927054647048765,1.0,train
2.264014327112209,2,0.7708556032615868,1.0,train
0.10818510677891968,0,1.8080170344958086,0.0,train
3.3452248382484875,3,0.7679188092432678,1.0,train
0.10818510677891968,0,5.686896544432991,0.0,train
0.10818510677891968,0,5.887531831220098,0.0,train
0.9814239699997196,1,1.6154467863516784,1.0,train
5.0710678118654755,5,0.1565681409588134,1.0,train
5.0710678118654755,9,0.23250040426680457,1.0,train
3.3452248382484875,3,0.21673777204832775,1.0,train
5.0710678118654755,6,0.04855183183441461,1.0,train
0.9814239699997196,0,0.8346247082448748,0.0,train
5.0710678118654755,0,2.8520122116855458,0.0,train
5.0710678118654755,1,0.36465891388880795,1.0,train
0.10818510677891968,0,1.1571264604815943,0.0,train
0.10818510677891968,0,1.0271377869174345,0.0,train
2.264014327112209,3,0.0966670643629886,1.0,train
0.9814239699997196,2,0.0874878565377932,1.0,train
0.10818510677891968,0,0.4968273743840661,0.0,train
0.10818510677891968,0,3.9326543366290587,0.0,train
0.10818510677891968,0,5.808485180334887,0.0,train
0.10818510677891968,0,0.5164706313494103,0.0,train
2.264014327112209,2,1.997139294105337,1.0,train
3.3452248382484875,3,0.6769675201188122,1.0,train
0.9814239699997196,0,2.386471107694146,0.0,train
3.3452248382484875,3,0.09473465067484245,1.0,train
2.264014327112209,0,5.746990213389676,0.0,train
5.0710678118654755,5,0.6098010647573691,1.0,train
3.3452248382484875,6,0.025530471758851217,1.0,train
2.264014327112209,2,0.16349058212546444,1.0,train
3.3452248382484875,1,0.9436144220644553,1.0,train
5.0710678118654755,12,0.04159775009982222,1.0,train
5.0710678118654755,15,0.15267553697362904,1.0,train
5.0710678118654755,4,0.14176240329062706,1.0,train
2.264014327112209,2,0.3055686709348079,1.0,train
0.9814239699997196,1,2.7856831688020063,1.0,train
2.264014327112209,2,0.36573846411075567,1.0,train
0.10818510677891968,0,1.619085635085515,0.0,train
0.9814239699997196,0,5.9921372057951725,0.0,train
0.9814239699997196,1,1.7652146540171556,1.0,train
5.0710678118654755,3,0.8519007150387072,1.0,train
0.9814239699997196,2,0.08489705230821568,1.0,train
2.264014327112209,2,0.6657429758344462,1.0,train
3.3452248382484875,4,0.028997816101382416,1.0,train
5.0710678118654755,0,4.092210941606437,0.0,train
3.3452248382484875,10,0.10529792472334458,1.0,train
0.10818510677891968,0,4.583679689113436,0.0,train
5.0710678118654755,22,0.005631604926098993,1.0,train
0.9814239699997196,0,1.851257851977615,0.0,train
3.3452248382484875,8,0.0287746959272492,1.0,train
3.3452248382484875,1,0.48648502846408875,1.0,train
2.264014327112209,2,0.8609374126528382,1.0,train
5.0710678118654755,2,2.7362868841783596,1.0,train
5.0710678118654755,4,0.7533669626486195,1.0,train
2.264014327112209,0,0.3190866722396821,0.0,train
5.0710678118654755,8,0.2838843090141871,1.0,train
0.9814239699997196,0,2.373424559776231,0.0,train
5.0710678118654755,6,0.014462026420002575,1.0,train
5.0710678118654755,1,0.213221552187072,1.0,train
2.264014327112209,1,0.13321375261484164,1.0,train
5.0710678118654755,4,0.441722521870096,1.0,train
0.10818510677891968,0,4.254306904760209,0.0,train
0.9814239699997196,0,0.06813825564595821,0.0,train
2.264014327112209,5,0.052100573541069194,1.0,train
5.0710678118654755,4,0.3400795796976303,1.0,train
2.264014327112209,1,0.4605369693721964,1.0,train
2.264014327112209,0,3.625371365540378,0.0,train
5.0710678118654755,3,0.047671139200556635,1.0,train
0.10818510677891968,0,0.6862293052127175,0.0,train
3.3452248382484875,1,0.05472492193573273,1.0,train
0.10818510677891968,0,2.632816060482647,0.0,train
0.10818510677891968,0,3.312448813065482,0.0,train
2.264014327112209,10,0.010682305319274735,1.0,train
5.0710678118654755,3,0.11243055660170075,1.0,train
2.264014327112209,1,1.2915775929349884,1.0,train
2.264014327112209,3,0.4148572507587193,1.0,train
0.10818510677891968,0,2.6941942281227726,0.0,train
0.9814239699997196,1,0.08149620266016044,0.0,train
0.10818510677891968,0,3.4104105566400222,0.0,train
2.264014327112209,3,0.02955305741667782,1.0,train
5.0710678118654755,2,0.05132710106231548,1.0,train
0.10818510677891968,0,1.1786161943402162,0.0,train
2.264014327112209,2,0.06813441650507707,1.0,train
5.0710678118654755,8,0.056697058898688014,1.0,train
0.9814239699997196,0,5.80366621401041,0.0,train
0.10818510677891968,0,3.030174690309246,0.0,train
0.10818510677891968,0,1.0591304730533053,0.0,train
3.3452248382484875,10,0.13640244873912097,1.0,train
2.264014327112209,2,0.20408855841643786,1.0,train
2.264014327112209,1,0.008155844675531168,1.0,train
0.9814239699997196,0,0.9827380064365443,0.0,train
2.264014327112209,1,2.4306230407803797,1.0,train
3.3452248382484875,9,0.11926342564161975,1.0,train
0.9814239699997196,2,0.27334271415166966,1.0,train
0.9814239699997196,2,0.04715809763746949,1.0,train
0.9814239699997196,0,2.529024827651269,0.0,train
0.9814239699997196,2,0.45463552093468623,1.0,train
0.10818510677891968,0,4.194766665661462,0.0,train
0.9814239699997196,0,5.616746462774228,0.0,train
5.0710678118654755,0,2.232183555985689,0.0,train
0.10818510677891968,0,5.339112920317865,0.0,train
5.0710678118654755,1,0.008044512656885197,1.0,train
0.10818510677891968,0,0.634961243925154,0.0,train
0.9814239699997196,1,1.5526144528694101,1.0,train
3.3452248382484875,6,0.35902494318566563,1.0,train
3.3452248382484875,2,0.446588390034396,1.0,train
3.3452248382484875,6,0.7815874720248045,1.0,train
0.10818510677891968,0,0.6153359159068115,0.0,train
3.3452248382484875,4,0.18445364351999133,1.0,train
2.264014327112209,5,0.19470725965466693,1.0,train
3.3452248382484875,2,0.2928013468158255,1.0,train
5.0710678118654755,12,0.20843939311418375,1.0,train
0.10818510677891968,0,2.395887234735908,0.0,train
5.0710678118654755,3,0.25768602677055874,1.0,train
3.3452248382484875,0,3.2205971367448454,0.0,train
5.0710678118654755,9,0.43856197986155726,1.0,train
0.9814239699997196,2,0.30461592381945746,1.0,train
2.264014327112209,1,1.9143034962258116,1.0,train
2.264014327112209,1,4.894752527495942,1.0,train
0.9814239699997196,1,0.024982325928795263,1.0,train
0.9814239699997196,0,1.5045422869936282,0.0,train
0.9814239699997196,1,2.495288656836715,0.0,train
3.3452248382484875,5,0.11363361797974367,1.0,train
2.264014327112209,5,0.22479066281630766,1.0,train
5.0710678118654755,1,0.9787345682293739,1.0,train
0.10818510677891968,0,1.957485144443139,0.0,train
2.264014327112209,1,0.05266191670579023,1.0,train
5.0710678118654755,4,0.07397777083821905,1.0,train
0.10818510677891968,0,0.777471028547394,0.0,train
0.9814239699997196,2,0.27274533722237027,1.0,train
2.264014327112209,0,3.663695893895672,0.0,train
2.264014327112209,1,0.8754770004766432,1.0,train
3.3452248382484875,0,3.9979453421924314,0.0,train
3.3452248382484875,7,0.5048915669422757,1.0,train
2.264014327112209,0,3.6603818350668003,0.0,train
5.0710678118654755,3,0.6433058926397021,1.0,train
0.9814239699997196,2,0.003469671224594743,1.0,train
3.3452248382484875,1,1.5316241901273218,1.0,train
0.10818510677891968,0,5.396283694052698,0.0,train
5.0710678118654755,6,0.03685336164547928,1.0,train
5.0710678118654755,3,0.20689648737143618,1.0,train
0.9814239699997196,1,0.41226058454273384,0.0,train
5.0710678118654755,6,0.04862384483960183,1.0,train
0.9814239699997196,0,5.213186628240418,0.0,train
0.10818510677891968,0,3.397378965745798,0.0,train
2.264014327112209,1,0.01014245974278603,1.0,train
2.264014327112209,3,1.838878995109537,1.0,train
2.264014327112209,2,1.603334474353314,0.0,train
3.3452248382484875,4,0.03578286087806828,1.0,train
0.9814239699997196,0,3.6946553931126305,0.0,train
3.3452248382484875,7,0.03901290583456702,1.0,train
0.10818510677891968,0,5.500215282530229,0.0,train
0.10818510677891968,0,5.225296134645482,0.0,train
2.264014327112209,4,0.49855640383234445,0.0,train
3.3452248382484875,2,0.0034055788619116174,1.0,train
0.10818510677891968,0,2.841380539116966,0.0,train
5.0710678118654755,8,0.09420648942863163,1.0,train
0.10818510677891968,0,2.9969457197128326,0.0,train
0.10818510677891968,0,5.608625291808292,0.0,train
0.10818510677891968,0,5.2549949384866474,0.0,train
2.264014327112209,0,3.621811987616633,0.0,train
5.0710678118654755,1,2.092670614207304,1.0,train
0.9814239699997196,0,3.943195632110804,0.0,train
2.264014327112209,0,1.0342660426013164,0.0,train
0.9814239699997196,0,1.1666322715684103,0.0,train
5.0710678118654755,1,2.515472754586639,1.0,train
3.3452248382484875,0,5.590960313428157,0.0,train
3.3452248382484875,4,0.00477366865797749,1.0,train
0.9814239699997196,2,0.020057216498311988,1.0,train
5.0710678118654755,3,0.204865978783897,1.0,train
0.9814239699997196,1,0.9744720632299428,1.0,train
5.0710678118654755,5,0.07006873544890176,1.0,train
3.3452248382484875,0,4.209443857113567,0.0,train
2.264014327112209,0,4.855134366273152,0.0,train
5.0710678118654755,1,1.7631487410381592,0.0,train
0.10818510677891968,2,0.0042196565441833585,1.0,train
5.0710678118654755,3,0.13617904866755737,1.0,train
0.9814239699997196,2,0.15515649394621897,1.0,train
0.9814239699997196,2,0.6729126537607822,1.0,train
0.10818510677891968,0,5.863094484554874,0.0,train
0.10818510677891968,0,3.120672686440259,0.0,train
3.3452248382484875,2,0.39393286504411074,1.0,train
2.264014327112209,5,0.3065502650374068,1.0,train
0.10818510677891968,0,0.7385807222642935,0.0,train
5.0710678118654755,23,0.009593047043214748,1.0,train
2.264014327112209,2,0.9990981984689934,1.0,train
5.0710678118654755,2,0.6862956088910762,1.0,train
5.0710678118654755,5,0.032886278440815486,0.0,train
3.3452248382484875,6,0.24685598251464308,1.0,train
0.9814239699997196,2,0.2986216678409245,1.0,train
2.264014327112209,0,3.0305365095769767,0.0,train
2.264014327112209,0,1.1335926396429958,0.0,train
0.10818510677891968,0,4.662800344519745,0.0,train
3.3452248382484875,2,0.032596667585412305,1.0,train
2.264014327112209,0,4.61116042118103,0.0,train
0.9814239699997196,0,4.554397489240042,0.0,train
0.9814239699997196,1,0.05860438788755911,1.0,train
2.264014327112209,1,0.048403969839380744,1.0,train
0.9814239699997196,0,5.504717447607821,0.0,train
3.3452248382484875,1,0.16622101585360238,0.0,train
3.3452248382484875,2,0.23423649451926942,1.0,train
0.9814239699997196,0,3.434073409310294,0.0,train
5.0710678118654755,2,0.032796134280821024,1.0,train
0.10818510677891968,0,1.0302753202512644,0.0,train
3.3452248382484875,4,0.3645896598392036,1.0,train
2.264014327112209,6,0.17263645425385854,0.0,train
5.0710678118654755,2,0.24314572320758263,1.0,train
0.9814239699997196,2,0.5803639677248242,1.0,train
0.10818510677891968,0,5.613896264344361,0.0,train
5.0710678118654755,1,0.053655811067664316,1.0,train
0.9814239699997196,1,3.602600878615695,1.0,train
3.3452248382484875,4,0.12961595534185585,1.0,train
0.9814239699997196,0,1.199440943318576,0.0,train
0.10818510677891968,2,0.6389317021430803,0.0,train
2.264014327112209,0,0.9104896312024338,0.0,train
5.0710678118654755,3,0.011878957748980781,1.0,train
5.0710678118654755,2,1.0262353594317144,1.0,train
5.0710678118654755,11,0.010968811688970752,1.0,train
2.264014327112209,1,0.9057847332772748,1.0,train
5.0710678118654755,7,0.15498070698629163,1.0,train
0.10818510677891968,0,3.379382018079667,0.0,train
2.264014327112209,0,3.4368839740881802,0.0,train
2.264014327112209,2,0.08858831678404741,1.0,train
0.10818510677891968,0,0.10079762698476125,0.0,train
5.0710678118654755,3,0.18020412708280545,1.0,train
5.0710678118654755,5,0.8850671677075942,1.0,train
0.9814239699997196,1,0.0522778956560217,0.0,train
0.9814239699997196,0,5.871351464599643,0.0,train
0.10818510677891968,0,1.7181905144750877,0.0,train
0.9814239699997196,0,3.9998867639329667,0.0,train
0.10818510677891968,0,3.3417696853400627,0.0,train
3.3452248382484875,2,0.024181939200037493,1.0,train
0.9814239699997196,0,5.341188331689214,0.0,train
2.264014327112209,3,0.042677105057307416,1.0,train
3.3452248382484875,6,0.06104348637317387,1.0,train
0.9814239699997196,1,2.706025333773542,0.0,train
0.10818510677891968,0,1.9859002029739194,0.0,train
2.264014327112209,2,0.16783996334351267,1.0,train
3.3452248382484875,1,0.0767004489675487,1.0,train
2.264014327112209,0,2.3873043805938585,0.0,train
0.9814239699997196,0,0.5118138044805256,0.0,train
3.3452248382484875,18,0.02497731683009774,1.0,train
3.3452248382484875,4,0.07180190683728836,1.0,train
2.264014327112209,1,0.9811813998936277,1.0,train
3.3452248382484875,6,0.40754976146734734,1.0,train
0.9814239699997196,1,0.9775640241717855,1.0,train
3.3452248382484875,0,2.2000803777710756,0.0,train
2.264014327112209,2,0.24339182172249385,1.0,train
3.3452248382484875,10,0.5442695884868707,1.0,train
0.10818510677891968,0,1.7950072827905155,0.0,train
0.10818510677891968,1,0.15570552285113987,1.0,train
5.0710678118654755,3,0.17709839362072452,1.0,train
5.0710678118654755,2,0.21482397641767467,1.0,train
5.0710678118654755,1,0.8221402144585079,0.0,train
5.0710678118654755,12,0.03962832953895614,1.0,train
2.264014327112209,7,0.08715756853718529,1.0,train
3.3452248382484875,2,1.2934786903788844,1.0,train
0.9814239699997196,1,1.045871117740423,1.0,train
2.264014327112209,2,0.6637146113571895,1.0,train
5.0710678118654755,3,0.14016790643600888,1.0,train
3.3452248382484875,6,0.17550606055810214,1.0,train
2.264014327112209,3,0.419023600042891,1.0,train
5.0710678118654755,17,0.07576735239628651,1.0,train
0.9814239699997196,0,1.1478264173053354,0.0,train
5.0710678118654755,8,0.10588053225240912,1.0,train
2.264014327112209,3,0.03721340537942019,1.0,train
2.264014327112209,1,1.3107011427999657,1.0,val
3.3452248382484875,2,0.025143260945844962,1.0,val
3.3452248382484875,3,1.2589375779982712,1.0,val
0.10818510677891968,0,0.8807768365390789,0.0,val
3.3452248382484875,2,0.1319254353360486,1.0,val
5.0710678118654755,0,2.99067275120992,0.0,val
3.3452248382484875,6,0.01205797467763299,1.0,val
3.3452248382484875,3,0.16989889271500816,1.0,val
0.9814239699997196,0,2.6164222378343456,0.0,val
0.10818510677891968,1,0.4796961688083976,1.0,val
0.10818510677891968,0,1.9217598335443153,0.0,val
3.3452248382484875,8,0.0014570444342621224,1.0,val
5.0710678118654755,7,0.04159279505437722,1.0,val
2.264014327112209,2,1.2177788847059619,0.0,val
5.0710678118654755,10,0.07898036408200305,1.0,val
2.264014327112209,1,0.2636270785963083,1.0,val
0.9814239699997196,1,1.6445928411688793,1.0,val
2.264014327112209,6,0.07021140806088814,1.0,val
3.3452248382484875,0,4.078206682337856,0.0,val
3.3452248382484875,6,0.1257568871060531,1.0,val
2.264014327112209,2,0.12513837526151184,1.0,val
3.3452248382484875,4,0.1418365019615798,1.0,val
0.9814239699997196,0,0.28039064861858654,0.0,val
0.9814239699997196,2,0.16670411159068088,1.0,val
3.3452248382484875,2,0.3657297396818605,1.0,val
3.3452248382484875,3,0.06400694127802499,1.0,val
0.10818510677891968,0,1.2223807056108023,0.0,val
0.9814239699997196,0,2.038999790180872,0.0,val
0.9814239699997196,0,1.6814508392285163,0.0,val
0.9814239699997196,3,0.07030078941090297,1.0,val
3.3452248382484875,2,1.7752543691847242,1.0,val
5.0710678118654755,1,2.0018505833003615,1.0,val
3.3452248382484875,1,0.11275133973042895,1.0,val
0.10818510677891968,0,5.925383076795816,0.0,val
2.264014327112209,9,0.09063284396481727,1.0,val
2.264014327112209,2,0.1812149769743258,1.0,val
5.0710678118654755,9,0.012568720349639576,1.0,val
5.0710678118654755,2,1.0341953004241722,0.0,val
0.9814239699997196,1,0.13383207367697936,1.0,val
0.9814239699997196,1,0.02738756646160134,1.0,val
0.9814239699997196,2,0.2571886597899577,1.0,val
0.9814239699997196,3,0.07757549755436953,1.0,val
0.10818510677891968,0,3.6701264598537806,0.0,val
0.9814239699997196,1,2.1585578480472365,1.0,val
5.0710678118654755,4,0.0833106426848137,1.0,val
0.10818510677891968,0,4.433371791349334,0.0,val
2.264014327112209,0,1.7813112354172762,0.0,val
0.9814239699997196,2,0.626935176274325,1.0,val
3.3452248382484875,6,0.0028172830879384146,1.0,val
5.0710678118654755,5,0.02880648677534188,1.0,val
3.3452248382484875,9,0.4123844407212859,1.0,val
2.264014327112209,1,0.8349948318984853,1.0,val
5.0710678118654755,6,0.011472634244093779,1.0,val
2.264014327112209,3,0.4059452168735624,1.0,val
3.3452248382484875,0,2.1634278683758303,0.0,val
2.264014327112209,3,0.018213712635004018,1.0,val
5.0710678118654755,6,0.16906400904502897,1.0,val
0.9814239699997196,1,0.04423293442899383,1.0,val
2.264014327112209,0,2.132297885030651,0.0,val
5.0710678118654755,7,0.005274349274074726,1.0,val
2.264014327112209,1,0.9701380835289994,0.0,val
2.264014327112209,2,0.35760028339588534,0.0,val
3.3452248382484875,3,1.1258694389883315,1.0,val
2.264014327112209,4,0.2518769731122014,1.0,val
3.3452248382484875,9,0.13125693055200766,1.0,val
5.0710678118654755,3,0.26946740497487714,1.0,val
2.264014327112209,0,1.9314633924419429,0.0,val
0.9814239699997196,0,4.094026923815908,0.0,val
5.0710678118654755,3,0.32395436307602143,1.0,val
0.10818510677891968,0,2.651459345297725,0.0,val
5.0710678118654755,6,0.48710804063315577,1.0,val
3.3452248382484875,6,0.025109375531183392,1.0,val
5.0710678118654755,1,0.7403563965980436,1.0,val
3.3452248382484875,2,0.5659867606164886,1.0,val
5.0710678118654755,13,0.10898995623804261,1.0,val
5.0710678118654755,11,0.1380859944368536,1.0,val
5.0710678118654755,9,0.002449501231517554,1.0,val
0.10818510677891968,0,2.13203091442893,0.0,val
3.3452248382484875,0,4.668914214088821,0.0,val
0.10818510677891968,0,2.5953394305336266,0.0,val
3.3452248382484875,7,0.04859773648017361,1.0,val
0.9814239699997196,0,5.90275183127489,0.0,val
0.9814239699997196,0,3.652280682992975,0.0,val
0.10818510677891968,1,0.7051335322738925,0.0,val
5.0710678118654755,12,0.09895927690496809,1.0,val
2.264014327112209,1,0.22874734899084379,1.0,val
0.10818510677891968,0,0.9672909505373022,0.0,val
0.10818510677891968,0,5.035553470413521,0.0,val
0.10818510677891968,0,5.920876018229862,0.0,val
0.9814239699997196,2,0.22183820134189092,1.0,val
0.10818510677891968,1,0.6902531690057745,1.0,val
3.3452248382484875,3,0.7334054742442928,1.0,val
0.9814239699997196,2,0.5920229977201594,1.0,val
3.3452248382484875,1,0.10159352241454267,1.0,val
2.264014327112209,2,0.1850993322952878,1.0,val
0.9814239699997196,3,0.0730594166684888,1.0,val
2.264014327112209,0,5.942784189717136,0.0,val
2.264014327112209,4,0.04026640207142727,1.0,val
5.0710678118654755,5,0.31169432366000327,1.0,val
0.10818510677891968,0,4.439013622975327,0.0,val
0.9814239699997196,0,0.5453718541340626,0.0,val
5.0710678118654755,2,0.23761584004419994,1.0,val
0.10818510677891968,0,2.228704988396856,0.0,val
3.3452248382484875,1,0.0335745382089634,1.0,val
5.0710678118654755,1,0.2914985022905242,1.0,val
3.3452248382484875,8,0.25177592090255146,1.0,val
5.0710678118654755,9,0.03902916793199286,1.0,val
3.3452248382484875,0,4.260154020578031,0.0,val
0.10818510677891968,0,4.955662208673606,0.0,val
3.3452248382484875,2,0.042884125645702875,1.0,val
5.0710678118654755,9,0.15084819210867198,1.0,val
3.3452248382484875,1,0.051850036606714944,0.0,val
3.3452248382484875,3,0.8736690484115975,1.0,val
0.10818510677891968,0,4.684217987938736,0.0,val
0.10818510677891968,0,5.384227907037779,0.0,val
0.9814239699997196,1,1.8583016149441614,1.0,val
0.10818510677891968,0,3.6412639582014883,0.0,val
5.0710678118654755,0,4.482028055144041,0.0,val
5.0710678118654755,10,0.06851711490140257,1.0,val
3.3452248382484875,5,0.2534337872583079,0.0,val
2.264014327112209,1,1.1242769897164053,1.0,val
5.0710678118654755,3,0.2053068828188039,1.0,val
5.0710678118654755,5,0.105831772856454,1.0,val
0.10818510677891968,0,3.3191725522540607,0.0,val
3.3452248382484875,1,0.8106520677721275,1.0,val
0.9814239699997196,0,3.7752312478415737,0.0,val
2.264014327112209,6,0.023476221128188732,1.0,val
0.9814239699997196,2,0.24186892692628065,1.0,val
3.3452248382484875,3,0.03821513378747478,1.0,val
0.9814239699997196,2,0.707425055392555,1.0,val
0.10818510677891968,0,4.381268153729305,0.0,val
0.10818510677891968,1,0.14779329325509222,1.0,val
0.10818510677891968,0,3.366510214087775,0.0,val
0.10818510677891968,0,5.849810532925788,0.0,val
3.3452248382484875,6,0.11756098003435524,1.0,val
0.9814239699997196,3,0.31533954341443904,1.0,val
5.0710678118654755,2,0.5418293997361792,0.0,val
5.0710678118654755,7,0.19065256745000284,1.0,val
0.10818510677891968,0,3.613718241619634,0.0,val
3.3452248382484875,6,0.2898048755983083,1.0,val
5.0710678118654755,3,0.31645897763701986,1.0,val
0.10818510677891968,0,2.2275147200817544,0.0,val
5.0710678118654755,20,0.037415599403649746,1.0,val
3.3452248382484875,3,0.05553978513595986,1.0,val
0.10818510677891968,0,2.2072085453075747,0.0,val
5.0710678118654755,11,0.1787123431214817,1.0,val
5.0710678118654755,0,4.02064194935188,0.0,val
5.0710678118654755,2,0.04224201274101908,1.0,val
0.9814239699997196,0,1.275390699583619,0.0,val
3.3452248382484875,4,0.032267435007963155,1.0,val
0.10818510677891968,0,4.535111292978499,0.0,val
5.0710678118654755,5,0.29483749782200525,1.0,val
5.0710678118654755,9,0.06411261951728188,1.0,val
5.0710678118654755,8,0.2722420025303932,1.0,val
3.3452248382484875,3,0.18533617242211523,1.0,val
0.10818510677891968,0,4.7502684350104385,0.0,val
0.10818510677891968,0,3.836118726222821,0.0,val
5.0710678118654755,0,0.1783022563746015,0.0,val
0.9814239699997196,0,1.349447923646571,0.0,val
0.10818510677891968,0,0.07948516974334519,0.0,val
5.0710678118654755,4,0.1058374408020297,1.0,val
3.3452248382484875,1,0.15884495162765375,1.0,val
5.0710678118654755,2,0.30796845300794473,1.0,val
2.264014327112209,1,0.3067490794233053,1.0,val
0.10818510677891968,0,4.7045741439968864,0.0,val
2.264014327112209,5,0.1192463512218492,1.0,val
0.9814239699997196,1,0.9302701161912407,1.0,val
0.9814239699997196,0,5.699136644792667,0.0,val
2.264014327112209,2,0.0822988210470189,1.0,val
5.0710678118654755,6,0.08181845464465952,1.0,val
3.3452248382484875,7,0.11471961046475446,1.0,val
2.264014327112209,4,0.13816612487849098,1.0,val
0.9814239699997196,0,3.4439192574612574,0.0,val
0.9814239699997196,0,1.026928450869118,0.0,val
0.10818510677891968,0,2.09929069913892,0.0,val
0.10818510677891968,0,5.083669998707107,0.0,val
5.0710678118654755,5,0.05660988864743984,1.0,val
0.10818510677891968,0,4.288895567481994,0.0,val
2.264014327112209,6,0.00037605238202533214,1.0,val
2.264014327112209,3,0.02416776258123489,1.0,val
0.9814239699997196,0,0.8912209981768078,0.0,val
0.10818510677891968,0,4.518673732877316,0.0,val
0.10818510677891968,0,5.3402615345588025,0.0,val
5.0710678118654755,3,0.2212951188070194,1.0,val
2.264014327112209,6,0.04864343250368511,1.0,val
2.264014327112209,0,2.687776504588293,0.0,val
0.10818510677891968,0,2.294445337205823,0.0,val
0.10818510677891968,0,0.9139297028926634,0.0,val
5.0710678118654755,10,0.24354794640971666,1.0,val
3.3452248382484875,1,1.7067707189607662,1.0,val
0.10818510677891968,0,2.1649147539122433,0.0,val
3.3452248382484875,9,0.034774148851634365,1.0,val
2.264014327112209,0,3.634354960389658,0.0,val
5.0710678118654755,15,0.010076643758332813,1.0,val
3.3452248382484875,3,0.0389765784431996,1.0,val
5.0710678118654755,11,0.14744126248483364,1.0,val
0.9814239699997196,1,2.3077687456409595,1.0,val
0.10818510677891968,0,1.9339482320974468,0.0,val
0.9814239699997196,0,1.1772641916570754,0.0,val
0.9814239699997196,0,4.493162113481275,0.0,val
5.0710678118654755,6,0.4227676362753057,1.0,val
0.10818510677891968,0,1.1448652835423845,0.0,val
5.0710678118654755,0,5.809550119391472,0.0,val
5.0710678118654755,0,0.2961197702657792,0.0,val
5.0710678118654755,3,0.4658907303610879,1.0,val
2.264014327112209,0,3.2162481284620323,0.0,val
3.3452248382484875,7,0.4714169115022216,1.0,val
0.9814239699997196,1,0.39154271484336395,1.0,val
3.3452248382484875,3,0.09541044176069333,1.0,val
3.3452248382484875,1,0.09406759014719449,1.0,val
0.10818510677891968,0,0.3020862031292242,0.0,val
3.3452248382484875,8,0.005302089116079143,1.0,val
5.0710678118654755,1,0.07441231073996696,1.0,val
0.10818510677891968,0,4.200028471973907,0.0,val
0.10818510677891968,0,4.7594489603991175,0.0,test
0.10818510677891968,0,0.5607240596837895,0.0,test
3.3452248382484875,3,0.017351211345789156,1.0,test
5.0710678118654755,3,0.11433003360551892,1.0,test
0.10818510677891968,0,5.871346091788608,0.0,test
5.0710678118654755,3,0.0653831235326012,1.0,test
2.264014327112209,3,0.4220699212512071,1.0,test
5.0710678118654755,0,3.0305601410309473,0.0,test
0.10818510677891968,0,5.122879260501751,0.0,test
0.9814239699997196,0,4.640219511303843,0.0,test
3.3452248382484875,2,0.5999378189671205,0.0,test
0.10818510677891968,0,1.6695294103831648,0.0,test
3.3452248382484875,3,0.5034603055680675,1.0,test
0.10818510677891968,0,2.295029363293289,0.0,test
0.9814239699997196,1,0.6872414526271017,1.0,test
0.9814239699997196,2,0.3450341690747368,1.0,test
0.9814239699997196,1,0.43702781709986205,0.0,test
0.10818510677891968,1,0.19732073737431718,1.0,test
3.3452248382484875,1,1.3870048276091158,1.0,test
5.0710678118654755,6,0.04445730554604676,1.0,test
0.9814239699997196,3,1.6473959242121332,1.0,test
2.264014327112209,0,4.74898812695494,0.0,test
0.10818510677891968,0,1.6650125399764377,0.0,test
5.0710678118654755,13,0.025728477235598388,1.0,test
5.0710678118654755,8,0.0066964085958803165,1.0,test
0.9814239699997196,2,0.1452681987044095,1.0,test
5.0710678118654755,8,0.2431635862955682,1.0,test
3.3452248382484875,0,0.7202962575169545,0.0,test
0.10818510677891968,0,3.616725810156904,0.0,test
3.3452248382484875,4,0.086802543305338,1.0,test
5.0710678118654755,1,0.9775703290637919,1.0,test
2.264014327112209,3,0.050363237003796524,0.0,test
5.0710678118654755,14,0.021549802553911482,1.0,test
5.0710678118654755,5,0.08858711179532379,1.0,test
5.0710678118654755,4,0.22478817328137396,1.0,test
3.3452248382484875,6,0.025651879104581013,1.0,test
3.3452248382484875,3,0.40093780378599675,0.0,test
2.264014327112209,5,0.4202529489312748,1.0,test
2.264014327112209,4,0.5635254454100286,1.0,test
0.9814239699997196,1,0.6307341889336113,1.0,test
5.0710678118654755,11,0.33328950106824945,1.0,test
3.3452248382484875,2,0.3052568438020147,1.0,test
0.10818510677891968,0,5.062189285298222,0.0,test
5.0710678118654755,5,0.030514359465243286,1.0,test
5.0710678118654755,0,1.6566711266138587,0.0,test
0.9814239699997196,0,4.60515353181842,0.0,test
5.0710678118654755,13,0.0023712883831162415,1.0,test
3.3452248382484875,3,0.2408583849212719,1.0,test
2.264014327112209,2,0.3334148342528296,1.0,test
5.0710678118654755,2,0.4076407012361465,0.0,test
2.264014327112209,1,1.1492480429296743,1.0,test
0.9814239699997196,3,0.012170155256671237,1.0,test
2.264014327112209,1,0.8418100812392065,1.0,test
5.0710678118654755,3,0.7216882823163916,1.0,test
0.10818510677891968,0,4.780500311536818,0.0,test
0.10818510677891968,0,5.351265360820062,0.0,test
3.3452248382484875,3,0.6080361850297915,0.0,test
0.9814239699997196,0,1.6155483972812372,0.0,test
3.3452248382484875,0,2.346150791921323,0.0,test
2.264014327112209,2,0.5395700924370376,1.0,test
5.0710678118654755,1,0.020362019166493765,1.0,test
2.264014327112209,1,0.13260601381331694,1.0,test
3.3452248382484875,0,5.708397544748707,0.0,test
2.264014327112209,4,0.38957160532794954,1.0,test
0.9814239699997196,0,0.4517450860990537,0.0,test
5.0710678118654755,9,0.28307057570619465,0.0,test
5.0710678118654755,12,0.028832347291803638,1.0,test
0.10818510677891968,0,3.923676386504721,0.0,test
5.0710678118654755,3,0.04901215577584389,1.0,test
2.264014327112209,4,0.23523839187690634,1.0,test
0.9814239699997196,1,0.8889565994376701,1.0,test
0.10818510677891968,0,2.0227071224756217,0.0,test
3.3452248382484875,2,0.10252465616295385,1.0,test
5.0710678118654755,3,0.22024656712141258,1.0,test
0.10818510677891968,0,3.8447032226077313,0.0,test
3.3452248382484875,3,0.10400833637299187,1.0,test
5.0710678118654755,0,1.614726505378085,0.0,test
5.0710678118654755,2,0.1687450968954845,1.0,test
0.10818510677891968,0,3.4266096904410652,0.0,test
0.10818510677891968,0,4.898198862507052,0.0,test
5.0710678118654755,12,0.23563017505515335,1.0,test
5.0710678118654755,2,0.18345430444453883,1.0,test
0.10818510677891968,0,2.984012595766477,0.0,test
5.0710678118654755,1,0.623186837205417,1.0,test
0.10818510677891968,0,3.9898338984250348,0.0,test
3.3452248382484875,3,0.7136499740649035,1.0,test
5.0710678118654755,3,0.7960281723599819,1.0,test
5.0710678118654755,0,0.0516222379694149,0.0,test
0.10818510677891968,0,1.119081232109383,0.0,test
5.0710678118654755,3,0.26211554294607264,1.0,test
2.264014327112209,2,0.656766594402037,1.0,test
3.3452248382484875,5,0.04986304553691165,1.0,test
3.3452248382484875,6,0.051037576378327884,1.0,test
0.9814239699997196,1,0.3161444521717547,0.0,test
2.264014327112209,2,0.11309611426913596,1.0,test
2.264014327112209,3,1.6466272301386558,1.0,test
0.9814239699997196,2,0.78132202055856,1.0,test
0.9814239699997196,2,0.44602003170962895,1.0,test
0.10818510677891968,0,5.233098800451619,0.0,test
0.9814239699997196,0,5.522435564475813,0.0,test
0.9814239699997196,1,0.5542158594437909,1.0,test
0.9814239699997196,0,2.23254925201785,0.0,test
0.9814239699997196,2,0.15841318826621384,1.0,test
2.264014327112209,1,0.8405957801015328,1.0,test
2.264014327112209,1,2.4105573206944735,1.0,test
0.10818510677891968,0,0.9865914541585268,0.0,test
0.9814239699997196,0,4.831233191795694,0.0,test
3.3452248382484875,17,0.020016999914023673,1.0,test
3.3452248382484875,3,0.05248257510557577,1.0,test
2.264014327112209,4,0.019707958560212988,1.0,test
5.0710678118654755,5,0.6947340588514095,1.0,test
0.9814239699997196,3,0.15442778763627765,1.0,test
0.10818510677891968,0,4.666874384629147,0.0,test
0.9814239699997196,0,0.47294788325161363,0.0,test
5.0710678118654755,4,0.06824336369764418,1.0,test
2.264014327112209,4,0.21170446151486857,1.0,test
0.9814239699997196,2,1.1456931328388527,1.0,test
0.9814239699997196,0,1.139422334556875,0.0,test
3.3452248382484875,1,1.3670774380356008,1.0,test
3.3452248382484875,5,0.14783756423223327,1.0,test
3.3452248382484875,0,1.957447430238074,0.0,test
0.10818510677891968,1,0.8178129644761711,1.0,test
5.0710678118654755,0,3.7528943163917297,0.0,test
0.10818510677891968,0,0.519163894624554,0.0,test
0.9814239699997196,0,3.020369791299437,0.0,test
5.0710678118654755,8,0.05069012673905435,1.0,test
0.9814239699997196,0,0.6832361251801293,0.0,test
2.264014327112209,0,1.963160965775688,0.0,test
0.10818510677891968,0,3.102711496865874,0.0,test
2.264014327112209,2,0.6061291715022328,1.0,test
2.264014327112209,2,0.9502997326353868,1.0,test
5.0710678118654755,11,0.28964352949917954,1.0,test
3.3452248382484875,2,0.52693205242248,1.0,test
0.9814239699997196,1,0.45907121063096606,1.0,test
0.9814239699997196,0,1.8738680221734614,0.0,test
2.264014327112209,1,0.1741553833982356,1.0,test
2.264014327112209,4,0.23254707134281186,1.0,test
3.3452248382484875,5,0.1215513521727081,1.0,test
0.9814239699997196,2,0.28019883271694074,1.0,test
2.264014327112209,3,0.24346606127819193,1.0,test
2.264014327112209,2,0.9450594470755369,1.0,test
0.10818510677891968,0,1.6425420254019274,0.0,test
5.0710678118654755,5,0.26664879039700623,1.0,test
0.9814239699997196,0,3.6274506055127005,0.0,test
0.9814239699997196,1,0.11293248223533893,1.0,test
3.3452248382484875,3,0.07082893057636756,1.0,test
3.3452248382484875,4,0.12438140595245441,1.0,test
2.264014327112209,3,0.5261105891998488,1.0,test
0.9814239699997196,1,1.4547591947134597,1.0,test
3.3452248382484875,6,0.04870985735795414,1.0,test
0.9814239699997196,0,0.5587180405110195,0.0,test
3.3452248382484875,3,0.09624498902818966,1.0,test
2.264014327112209,0,2.846498750808779,0.0,test
2.264014327112209,0,0.15481940472318523,0.0,test
5.0710678118654755,10,0.010633586755002077,1.0,test
5.0710678118654755,2,0.6362885620491702,1.0,test
3.3452248382484875,3,0.09255286784215264,1.0,test
5.0710678118654755,4,0.17158185739488457,1.0,test
5.0710678118654755,1,0.18018466311177406,0.0,test
3.3452248382484875,1,0.5600933315878132,1.0,test
2.264014327112209,2,0.34235837011883524,1.0,test
0.10818510677891968,0,3.29269674890947,0.0,test
0.10818510677891968,0,2.8355259074100276,0.0,test
0.10818510677891968,0,5.1195011385265925,0.0,test
3.3452248382484875,1,2.6764374440589562,1.0,test
2.264014327112209,0,5.08470363079818,0.0,test
2.264014327112209,0,5.329828118035597,0.0,test
5.0710678118654755,1,1.3049363087263788,1.0,test
0.10818510677891968,0,1.36975334335527,0.0,test
0.10818510677891968,0,1.1631601190072796,0.0,test
5.0710678118654755,4,0.24360466820596435,1.0,test
3.3452248382484875,3,0.275967638445056,1.0,test
0.10818510677891968,1,0.47580038390791235,0.0,test
3.3452248382484875,3,0.04770144578556331,1.0,test
2.264014327112209,0,3.6821685409114036,0.0,test
3.3452248382484875,9,0.13758816645036945,1.0,test
0.9814239699997196,3,0.11582239605459171,1.0,test
5.0710678118654755,6,0.159971081691432,1.0,test
0.9814239699997196,0,0.5550956899079482,0.0,test
3.3452248382484875,4,0.37895545303957756,1.0,test
0.9814239699997196,0,1.0822264341336207,0.0,test
5.0710678118654755,4,0.3879678942151931,1.0,test
5.0710678118654755,3,0.022071216082903078,0.0,test
3.3452248382484875,1,0.07572024662723509,0.0,test
0.10818510677891968,0,4.418664466962558,0.0,test
0.10818510677891968,0,0.751023064376741,0.0,test
0.10818510677891968,0,5.356141833286823,0.0,test
5.0710678118654755,0,0.5205161893051005,0.0,test
0.9814239699997196,1,0.4880428946279814,1.0,test
0.9814239699997196,0,4.595938014872569,0.0,test
5.0710678118654755,6,0.1506032342957392,1.0,test
5.0710678118654755,2,0.1331836102117874,1.0,test
0.10818510677891968,1,0.8624364950808805,1.0,test
3.3452248382484875,0,0.13040759082570363,0.0,test
2.264014327112209,2,1.5789246957169678,1.0,test
0.10818510677891968,0,4.9599786991984205,0.0,test
0.10818510677891968,0,0.5182424329608659,0.0,test
0.10818510677891968,0,0.04155650462014027,0.0,test
2.264014327112209,1,1.3859501586397585,1.0,test
0.9814239699997196,1,3.6406445406683248,1.0,test
5.0710678118654755,14,0.011860754213272765,1.0,test
3.3452248382484875,10,0.015901026082613207,1.0,test
0.9814239699997196,3,0.27272468584211995,1.0,test
2.264014327112209,6,0.03439178462598067,1.0,test
2.264014327112209,1,0.20031779209132916,1.0,test
0.10818510677891968,0,2.7696714022674636,0.0,test
3.3452248382484875,3,0.5425030128089636,1.0,test
3.3452248382484875,0,0.9729393120216181,0.0,test
0.9814239699997196,0,0.2636792700549371,0.0,test
2.264014327112209,2,0.059666839043760064,1.0,test
2.264014327112209,0,5.262600471366771,0.0,test
3.3452248382484875,4,0.07080584060680707,1.0,test
2.264014327112209,4,0.2093166495738733,1.0,test
0.9814239699997196,2,0.02803971504067079,1.0,test
